1.282340186890714939e+01,-6.626454391370337205e-02,-4.036936487745813179e-02,-5.291495524150877094e-02,-8.134087070822049181e-02,-6.895023669410700606e-02,-9.367050394859206819e-02,-8.068861249184540452e-02,-7.244862173456212417e-02,-3.729847739038751331e-01,-3.247460776075268285e-01,-4.299906330453053260e-01,-4.156714301928152167e-01,-4.507207417492252177e-01,-5.251272864181670830e-01,-4.961371924060837824e-01,-3.786276879222388314e-01,2.569707216295609165e-01,-5.521346172559438159e-01,2.584979071894882297e-01,-5.280680613367219056e-01,2.371511686932013530e-01,-5.884732056335326700e-01,2.220859729730612075e-01,-6.274658410142834875e-01,1.608653279518404422e-01,-6.628376810083607129e-01,2.504248844358383796e-01,-5.278850225293852949e-01,1.613373445545865370e-01,-4.898429329030140056e-01,2.651821182586849290e-01,-5.812431741724717327e-01,2.231466745640356963e-01,2.687948663207340161e-01,3.145100942786713261e-01,3.044600822451446476e-01,1.046215993653224902e-01,2.232713248868399003e-01,2.254829074922280185e-01,1.471884677126520657e-01,2.456407587707573337e-01,1.313798767491377306e-01,1.451313708999957819e-01,1.554809703105204666e-01,7.162733673767264497e-02,1.790899855051461820e-01,1.830004957545185995e-01,6.972694177511430669e-02,1.159909667433258462e-01,9.514602556387229126e-02,1.982670274231832647e-02,5.085327135083990424e-02,2.778125690906275980e-02,3.716310649921301251e-02,2.749616900855855056e-02,1.037467948231695497e-02
-6.626454391370335817e-02,8.052379181476930770e-01,9.836741618753400487e-03,-4.511847093236527259e-03,1.470261732043706302e-03,-4.514553633256656456e-03,1.625637976799849537e-04,-4.006201225803081127e-03,-2.140957738976083640e-03,2.880515666794838600e-02,7.192807100609574338e-03,5.705937930086290438e-03,-3.602199406793116059e-03,-2.575609230671482494e-02,-1.875937905636596362e-02,1.097604877116724158e-03,-3.571802844896378344e-03,2.060439726609647471e-02,-1.168544363103697116e-02,2.485687511539876049e-02,3.024300416929441657e-03,-1.388052918612619341e-02,-3.585177849232402958e-02,-9.306810472166762715e-03,1.588776059651131984e-03,2.388351895989337947e-02,-2.400756719504049813e-02,5.123584754091116411e-03,-2.043147145396156245e-02,1.623505947692995346e-02,-4.647451700199898422e-02,2.334713249435439730e-02,-1.621413575856796643e-02,4.224566111366919070e-03,-3.578544160752685811e-03,2.734735148449641759e-02,4.253946397784543788e-03,-1.165455241307900881e-02,-1.974097595759110452e-02,-4.943279438640950894e-03,-2.970242633245625315e-03,-3.247814898757891977e-02,-5.518967534977758764e-03,2.691122772090121656e-03,-4.584688230470931186e-02,7.683788432183953111e-03,1.286425402781373253e-02,-7.352047605164379988e-03,2.167471694432579477e-02,1.036889937197564169e-03,6.535855321865281092e-03,1.516585820945236772e-02,6.647855877825200807e-03,4.076073981021129111e-02,1.020136150083658134e-02,4.341049119540383271e-03,2.180319248444100022e-02
-4.036936487745813873e-02,9.836741618753416100e-03,8.068164374765252056e-01,-5.813833417974350465e-03,-7.090344530062215635e-03,-1.853695910079319669e-03,-4.530275037819051116e-03,-2.432508564954675816e-03,3.045245707311087548e-03,-2.567150252078800876e-02,1.276115262454709763e-02,-2.576153488863993160e-02,-1.400339006193171421e-02,2.444174850895431197e-02,3.568879656382012606e-03,-8.703424510419876040e-03,-1.073585055536423367e-02,2.122305440903283699e-02,-3.818601851228314858e-02,6.987284396632447228e-03,-1.022514958583629376e-02,-2.536053420850058540e-02,3.449447460813117282e-03,-2.192681087244544632e-03,-3.151592344092279951e-02,2.965389781968949534e-02,-5.457101598460231684e-02,3.493939394198837534e-02,-3.266020865429490605e-02,-1.637504329953999929e-02,3.186423758459817381e-03,2.547590768996091815e-03,-2.738021164705860266e-02,1.332730690242637205e-02,2.461591642459270632e-02,3.243521739472686460e-02,9.646627014081464793e-03,-6.980397000942307594e-04,-3.045385542380003516e-02,2.234374413154714689e-02,1.761240633700654132e-02,3.511195445520650521e-02,6.227036129108594938e-04,8.417678142324046264e-03,1.495205930222156740e-02,8.543106779727498515e-05,-1.257176065286672723e-02,6.925045428941143354e-03,-4.110462037676160425e-03,2.696741409550284727e-02,-1.960880105993463227e-02,-2.973965069841875627e-02,-2.805446482849618950e-02,-1.470625059560919448e-02,2.862429277453829024e-02,-1.224106002406416885e-02,1.665663652384558394e-02
-5.291495524150877094e-02,-4.511847093236513381e-03,-5.813833417974365210e-03,8.070263337579012264e-01,8.417985003170286307e-04,1.256945746883961614e-04,-1.108935026876489878e-03,-4.980572231211744146e-03,-5.174010494773045388e-04,8.140914211366625120e-04,1.020962338595848319e-02,-2.633409663624003069e-02,-5.777360303358206051e-02,1.515669005693833123e-02,-8.572199937399667402e-03,-2.084639682093369917e-02,-9.378734983795709943e-04,1.865615920461401872e-02,-4.015258037685307674e-02,3.719519313058004557e-03,-1.460096461767701123e-02,-3.593920380516881473e-03,1.929327912747976631e-02,2.053334618717315638e-02,-2.250101452772186247e-02,-4.559592253453912704e-03,-1.964595423030100069e-02,3.276680308226941063e-02,-1.476659283868480069e-02,-1.536070075597787896e-02,1.076893017779768404e-02,3.385539753857016651e-03,-5.002414871337875629e-02,1.647900999499313929e-02,9.239125587113169655e-03,5.811085959800045553e-03,-1.933175276166907569e-02,-1.184583375390271115e-02,2.469648672458897229e-03,9.376003777408405820e-03,1.191096784636361261e-02,-2.572836482276323264e-02,4.875675012036268137e-03,-1.447649115084772252e-02,-3.303395885147964589e-02,-2.107168158317390336e-02,1.963527895430975181e-02,2.390643227586906894e-02,1.665433247476572759e-02,2.853020519536393282e-02,2.485047627290521560e-02,-1.704073604793078164e-02,-2.793324337461829988e-03,-6.818884813877028155e-03,2.077250838894714388e-02,1.815212266775884445e-02,-1.912983381047037718e-02
-8.134087070822049181e-02,1.470261732043707604e-03,-7.090344530062222574e-03,8.417985003170149697e-04,8.108219773388546381e-01,1.051139162978413297e-02,-9.988970183089172089e-05,-2.114164510815487539e-03,-2.569295278386707002e-03,-3.526060191219598100e-02,-4.312616517287768542e-02,-1.668487566663264324e-02,-2.599949547381320662e-03,-5.905091838049543462e-02,-1.426701813094611443e-02,-3.883452571747977866e-02,-2.188104477641807100e-02,9.102048981332889685e-03,-4.237430452987758778e-03,-3.151342685959222269e-03,-4.054427815064280682e-02,2.045529186412932757e-02,-2.765208207770412582e-02,3.503294606206847767e-02,-2.974688393011693313e-02,6.917684728487400944e-03,-1.629184051486681079e-02,-2.038403997985337862e-02,8.650642040428832211e-03,5.379051428246639510e-02,-4.145552970297776418e-02,2.907212280435735995e-03,-1.278892392596753767e-02,-9.076565651138814722e-03,1.225632803569856252e-02,2.599163144452782889e-02,2.551697962760753058e-02,2.992223697917975600e-03,2.228103097602284963e-02,6.473853137947928153e-03,-1.856419257826807598e-02,-1.049057101509836068e-02,-3.687522862229189458e-03,4.555855544043880406e-03,-1.690365118786769927e-02,-2.075292657329464580e-02,1.452350057920066568e-03,1.524719834627855271e-02,-1.138811822425365126e-02,-1.452538514087291753e-02,-1.167164878670392571e-02,2.906610797543024774e-02,1.489613691691438202e-02,5.452264398445821197e-02,2.129751370273207101e-02,-3.113058674363740341e-02,-2.624069286639252666e-02
-6.895023669410700606e-02,-4.514553633256639976e-03,-1.853695910079310562e-03,1.256945746883827986e-04,1.051139162978410174e-02,8.014647540640269519e-01,-3.122661089339664672e-03,-5.379581382828964309e-03,-8.079500884714761180e-04,-6.424697068540106970e-02,-2.256242011445214191e-02,-4.397705485983847279e-02,5.195483010779723340e-03,3.448100815430780314e-02,-4.413948174104435906e-02,-2.468056577728723611e-02,-2.049535804558877405e-02,9.332199870282567589e-03,-7.330290363208666858e-03,1.384100580923072234e-02,-1.301912264673065703e-03,-5.684365442990393751e-03,-1.982481032242780147e-02,3.182279763734307404e-02,-3.873226009140630366e-02,2.988379137936912275e-02,-1.195428903543994774e-02,4.732853023205840087e-02,-3.447712036059188273e-02,3.362402604857651911e-02,-3.530114183496870645e-02,1.354070511277656944e-02,-4.268655778937005540e-02,-9.106929371396977127e-03,-7.855811597854688369e-03,-9.069399492952706990e-03,1.337241954935648562e-02,-1.050232316560256556e-02,3.195900020315282225e-02,1.849613949565131338e-02,-1.486696837460124493e-03,-2.750322143447979546e-03,1.144669114370353881e-02,-1.948179345876973126e-02,1.597712175423294384e-02,5.912594690659235715e-03,-6.864045871414082428e-03,-3.211812892986074496e-03,2.081901304525609828e-02,1.602392116596815935e-02,1.668891294504612488e-02,-2.416311670041617482e-02,-1.774542923449709889e-02,-3.308289176832673872e-02,-8.247828425309428751e-03,3.400403267349377747e-04,-1.261168256178566913e-02
-9.367050394859206819e-02,1.625637976799935189e-04,-4.530275037819050249e-03,-1.108935026876547558e-03,-9.988970183093344912e-05,-3.122661089339647325e-03,8.014536555705532583e-01,-7.521855826662799879e-03,-3.003111826361198802e-03,-4.022365299332679445e-02,-3.203421023755893653e-03,-2.178387608548282978e-02,1.576148961285979422e-02,-1.690080698093709630e-02,-5.434428522034537995e-02,-3.671189092105348745e-02,-1.265071388040180274e-02,2.531880786587634852e-02,-4.114445592094936877e-02,3.483737490047198598e-02,-7.045928697030027360e-03,3.468794922510140544e-02,-5.109515020483605501e-03,1.845507943742298942e-02,-7.276570300836919525e-02,3.850438316161450963e-02,-4.734085564811947588e-02,2.965819151160800637e-02,-1.499715951865884626e-02,-5.403248983381925274e-02,-2.275293326400942850e-04,-3.541027404749831631e-02,2.376488434900787469e-02,-3.882077946182560958e-03,-2.152670607255648128e-02,-2.086736627713437278e-02,-6.373495249574888388e-03,-2.989104492185385223e-02,8.541472415514100164e-03,-5.829985022024180424e-03,2.799290123303415506e-03,2.073554286780260672e-02,2.207191760023876834e-02,-1.824819411359851484e-02,2.864668470188399749e-02,-2.318170385190513813e-02,7.296707584047585618e-04,3.383826708276692873e-03,6.537944011947614299e-03,1.200982473035680682e-03,1.926425374557780637e-02,-4.676617680162720517e-03,1.094302491795611822e-02,1.334298885062468664e-03,-1.209603353055629243e-02,6.512635504258601146e-03,6.938191339600830766e-03
-8.068861249184540452e-02,-4.006201225803046433e-03,-2.432508564954650662e-03,-4.980572231211748482e-03,-2.114164510815482768e-03,-5.379581382828941757e-03,-7.521855826662782532e-03,8.027326782402199878e-01,2.303541614534570028e-03,1.341449406451644503e-02,9.775906351136490549e-03,-1.649792548302520326e-02,9.931741966005607977e-03,-3.828226171216479040e-02,1.927279205861951936e-02,-2.051802495291995751e-02,-7.442333580865834186e-02,-1.535251475068921548e-03,-1.531444833683156224e-02,-1.346648846198950783e-02,8.563873455320341818e-03,2.410536295222185169e-02,-1.840129169351588032e-02,1.632496580909858358e-02,-4.324527467475540454e-02,4.449340646815267558e-02,-5.097625198813194453e-02,-3.058563207217547195e-03,-2.537605468313798227e-02,1.763668024684978894e-02,-4.571156568513435464e-02,2.598908530859435351e-02,-5.651200302703541590e-04,-3.325834339149115644e-03,2.166839643581484898e-02,3.091616833292802624e-02,3.509443458954306962e-03,-1.856240795437532828e-02,2.101019321192134498e-02,2.660710749939582467e-02,2.559837607161637510e-02,2.124308845229670381e-02,-6.932040431907568294e-03,1.516728156791488126e-02,1.137337405259415853e-02,5.332465476350321809e-03,-5.764926978416421571e-02,-1.964514858211757753e-02,3.199367256071672817e-03,-6.276699054041233461e-03,-3.236111607020774640e-03,-2.166163547511472387e-03,8.251722520654418630e-04,-4.100197805342307295e-02,-1.191070504393215886e-02,-2.348335345164054289e-02,-2.150107215859562576e-02
-7.244862173456212417e-02,-2.140957738976040706e-03,3.045245707311091884e-03,-5.174010494773331617e-04,-2.569295278386695292e-03,-8.079500884715107040e-04,-3.003111826361201837e-03,2.303541614534570462e-03,8.080494126236457131e-01,-5.074072513072628438e-02,-1.650468039911447832e-02,4.107716082997474316e-02,-2.074200524896775005e-02,-1.244023971978203136e-02,-2.985138520974318921e-02,-2.345109574150212872e-02,-4.446622051212399673e-02,4.350415176988350896e-02,-2.009814973724424053e-02,8.308397865059498778e-04,-5.486397922122816101e-02,-9.936603782910068822e-03,-3.898944578341298484e-02,4.342152094304450177e-02,-1.708331148781809875e-02,-2.360851513256474830e-03,-6.692951034004860494e-03,-3.839969426315123979e-04,-2.865105115788481316e-02,-1.634707915873234024e-02,-2.155375928014989506e-02,2.509300354359673014e-03,-2.901041672911925176e-02,-5.761729038836098989e-04,-3.693561368943213546e-02,-7.006572293833417640e-03,3.156658233731968362e-03,-2.109285468241365105e-02,6.309059017633926545e-04,1.861515299659265155e-02,7.700381344199083364e-03,-6.930585688973473282e-03,4.841518334077306134e-03,3.380470927957508753e-02,1.623396071836627833e-02,1.370539936499810471e-02,-1.362830896525163253e-02,1.860393069165765592e-02,-5.812289222987774423e-02,-4.246438852569789368e-02,-3.392190111986745360e-02,2.834766379606966803e-03,4.506730221464588446e-03,1.424460276899529657e-02,-2.303076543699419595e-02,2.781254331261125493e-02,5.609444802776471922e-02
-3.729847739038750776e-01,2.880515666794838947e-02,-2.567150252078800876e-02,8.140914211366658730e-04,-3.526060191219598794e-02,-6.424697068540108358e-02,-4.022365299332680139e-02,1.341449406451643983e-02,-5.074072513072628438e-02,3.649661348878162848e+00,3.731753769201342791e-03,-2.731567567460077561e-01,-8.670143836607395460e-02,-1.259540910384008838e-01,8.738106108806658820e-03,-2.200441566606001209e-01,2.481583149492543397e-02,1.184331782102737568e-01,-7.478913597616070053e-02,1.134619039765200586e-03,-7.540210738094723676e-03,7.245346347798363451e-02,-1.224753729962609755e-01,1.075229209241776451e-01,-1.234835848249007662e-01,1.051296471680837445e-02,-2.766403783053649201e-01,8.229359215570911101e-02,-1.595968023034356476e-01,-1.183846259938782508e-01,-6.669679147787617446e-02,2.526941223331961861e-02,-1.013143773545648746e-01,1.082347031612705852e-02,-2.600671033979230426e-02,-2.772015236346916586e-02,6.351147050133264249e-02,-9.268491371983765201e-03,-4.134510813244442196e-02,4.832464073765972701e-02,-5.350042908888693466e-02,-1.069487265313222857e-01,4.679816665357761779e-02,4.821049263457739126e-02,2.854944577396304611e-02,-2.577886328413411116e-02,-6.130251611893031832e-02,8.681077387477470486e-02,-1.112143128308475939e-03,1.080530825878000395e-01,9.217422454655974096e-02,-1.177003156312125820e-02,-1.035449164006162770e-01,-3.468687772396931296e-02,8.143718770116216768e-03,-1.081026441527848381e-01,-1.086886893482823524e-01
-3.247460776075267730e-01,7.192807100609576072e-03,1.276115262454709763e-02,1.020962338595848840e-02,-4.312616517287768542e-02,-2.256242011445214884e-02,-3.203421023755899291e-03,9.775906351136494019e-03,-1.650468039911447138e-02,3.731753769201335853e-03,3.331166477151709326e+00,-1.842728041694499941e-01,-8.756641849110682885e-02,9.576812517690033721e-02,-1.044245007937256026e-01,-5.647083008907607948e-02,-1.693815468250756961e-01,1.358612261569643043e-01,-2.024779442207227387e-01,-1.509066188068815539e-01,-7.191441408352262921e-02,9.467182680169628287e-03,-3.818624341077814927e-02,2.485982720033726515e-02,-1.760145953815412390e-01,-7.489644059760008910e-02,-2.000011448058775787e-01,1.795188436302712076e-01,-1.423299198933840604e-01,5.093281231355786115e-02,-1.334648053142413471e-01,5.333084128408401015e-02,-6.480117236860009899e-02,2.191388039373409063e-02,2.592248116858161255e-01,1.471778324533108417e-01,-3.236347836466527822e-02,8.114750576209818489e-02,-5.077306557344041238e-02,-9.968177278966708355e-02,3.985502950120385635e-02,-1.983351215188971228e-01,-3.975789508666593280e-02,-3.086102609733520213e-02,1.801019397823429291e-02,-4.533773005518124122e-02,-1.867105304231280183e-01,1.446562794119902670e-02,-1.043012771338219236e-01,6.924947518814937586e-02,1.125162470592726838e-01,-1.321052259160506170e-01,-6.881974968240371637e-02,-2.567934647457129418e-02,2.399272916162508915e-02,-2.351589043492748748e-03,3.103298990599103607e-02
-4.299906330453051595e-01,5.705937930086293040e-03,-2.576153488863993160e-02,-2.633409663624003416e-02,-1.668487566663263630e-02,-4.397705485983848667e-02,-2.178387608548284018e-02,-1.649792548302520326e-02,4.107716082997474316e-02,-2.731567567460077561e-01,-1.842728041694500218e-01,3.915296792172168860e+00,-1.152023693577890889e-01,-1.344497391993578969e-02,-2.184368840750069707e-01,1.074366665094184381e-01,-1.500974115643566031e-01,1.646784151067424706e-01,-2.082997797159005238e-01,2.747179475148687003e-02,-7.789625082465033434e-02,2.303550186540418709e-01,-1.862647201114158435e-01,7.937188899499354744e-02,-9.245429392709331173e-02,1.287221307174366280e-01,-2.025363339704926713e-01,-1.307708527599456827e-01,-3.226663402369853856e-02,2.102913599493166572e-02,-2.352666332448415110e-01,1.708932723618986627e-01,-1.606762541920721821e-01,1.381911246990708275e-01,1.532921084064954587e-01,3.741357862025496833e-02,-1.378093426472755401e-02,7.407829538057401041e-03,2.152785949257560519e-03,-9.833108778790522475e-02,-5.213014844323588665e-03,-8.008299168687681158e-02,-2.430313518482198343e-01,-2.507032932586792263e-03,-1.092837802938696062e-01,-1.481270015758320152e-02,6.357418294252807980e-03,-7.583653712436282113e-02,-1.896141132671392004e-01,-1.194418994020517988e-01,-1.779896165095813665e-01,1.685152931042624147e-01,1.668743650150858182e-01,1.034904918123221024e-01,-1.386742704170577101e-01,-9.378018081220939814e-03,-1.119270884452990417e-01
-4.156714301928151611e-01,-3.602199406793116059e-03,-1.400339006193171421e-02,-5.777360303358207438e-02,-2.599949547381320229e-03,5.195483010779721605e-03,1.576148961285978381e-02,9.931741966005616651e-03,-2.074200524896774658e-02,-8.670143836607394072e-02,-8.756641849110677334e-02,-1.152023693577891722e-01,3.962623225427860607e+00,-8.850547279444055671e-02,-2.048045668852568023e-03,-1.620853121245621753e-01,-3.631588014926125374e-01,1.694529094519173773e-01,-2.010252738231447511e-01,9.803085727749383249e-02,-2.120943786442127665e-01,1.167219394498439644e-01,-4.651972417744239252e-02,1.489807908454549024e-01,-1.848743345546435268e-01,-2.497853449579115134e-02,-1.842619338986754840e-01,2.912557005250011044e-01,-2.007141192414102771e-01,1.265308487156209527e-01,-1.566363004598278486e-01,1.117705988538494760e-01,-3.166275078265072263e-01,6.729941392487134855e-02,4.588487686530753201e-02,1.168276615640266025e-01,9.184323635541635777e-02,8.888583224533019855e-02,8.201749298638381924e-02,-2.124790405522948566e-01,-1.061388749769489465e-02,-1.410707647171908774e-01,-1.328982313817815564e-01,-2.511877430678088191e-02,-5.442549548647257485e-03,1.101414675780242464e-01,-3.592809810132603990e-03,1.102385356907456017e-02,-1.549441317918683614e-01,-2.018538847713800821e-02,-7.452823932703989129e-02,-2.790593691146793943e-03,-1.479615990900546296e-01,-1.010415809902583985e-03,-1.097645983981292844e-01,-1.398520708253945255e-01,-8.471962241535997695e-02
-4.507207417492252177e-01,-2.575609230671482494e-02,2.444174850895430851e-02,1.515669005693833470e-02,-5.905091838049544156e-02,3.448100815430779620e-02,-1.690080698093709630e-02,-3.828226171216478346e-02,-1.244023971978203309e-02,-1.259540910384009116e-01,9.576812517690033721e-02,-1.344497391993580704e-02,-8.850547279444050119e-02,3.448606348489834605e+00,-1.809999659884257983e-01,6.428800160996532564e-02,-1.664466739494033232e-01,3.023701947350082575e-01,-2.535081132646296864e-01,9.811118867674549493e-02,-1.445647730600937153e-01,-1.921992166404297084e-02,-1.966310996398565325e-01,4.770627584738024174e-02,-1.244191350907691146e-01,1.066334750670488996e-01,-1.369364596485141139e-01,1.147707408157100095e-01,-2.367876058305843912e-01,-5.981549740037587354e-02,-8.611706991573289671e-02,1.606430181223292633e-02,-1.425292211819441379e-01,1.197994848765065595e-01,-3.180518498199629007e-02,8.066366012317712983e-03,-5.876738546413382697e-02,-2.957793173642622730e-02,-1.139056651098092343e-01,4.560988851035953362e-02,-5.615477340390295780e-02,9.782453861751148894e-02,-1.173492777195142417e-01,-4.904521702807738970e-02,-6.457649072837422233e-02,-2.698494749729176811e-03,2.115690401178660363e-01,2.368527414282903254e-01,1.379112244939762200e-01,-4.410789932727854357e-02,-1.562615124454451790e-02,-6.887853984562260223e-02,-1.446432070610499110e-01,-1.682158582752257270e-01,-1.035100671306241754e-01,-2.037249536230765490e-01,-2.034046039571250908e-01
-5.251272864181669719e-01,-1.875937905636596015e-02,3.568879656382014775e-03,-8.572199937399667402e-03,-1.426701813094611096e-02,-4.413948174104436600e-02,-5.434428522034537995e-02,1.927279205861952283e-02,-2.985138520974318574e-02,8.738106108806813210e-03,-1.044245007937256164e-01,-2.184368840750069152e-01,-2.048045668852790935e-03,-1.809999659884257983e-01,3.789429978501440921e+00,-2.627301727530711450e-01,-2.454110681944650652e-01,1.932524861495215351e-01,-2.208882537267566060e-01,-5.694432067510833001e-03,-1.653832220373943895e-01,7.877443373629669510e-02,-2.229402676043452380e-01,1.330594310593256335e-01,-6.056321100302551608e-02,1.508242377426689818e-01,-2.649515110914282823e-01,1.117691166488255505e-01,-2.259921268931615879e-01,2.678203332309421481e-02,-1.045105104153291366e-02,3.886830319966594338e-02,-1.541948890954122076e-01,2.760410391893639362e-02,7.502416460375661844e-02,3.081351327067745685e-02,-3.780853699702345361e-02,-3.976707910492442710e-02,-1.944422302331969277e-01,-1.033195150265633390e-02,-3.711683740502420836e-02,9.696773481887376034e-02,1.850215905179508624e-02,2.091248071546296938e-01,6.645908581104581492e-02,-1.362418010836085047e-01,-1.055472085406537058e-01,-7.582332402094259238e-02,-4.340859366218234594e-02,-1.439164618592529699e-01,-8.419585367240611795e-02,-1.996519319401005368e-02,7.224337862012589206e-02,3.296086913657793327e-02,-7.619048682962670238e-02,-2.394875321093223319e-01,-1.214109897520031789e-01
-4.961371924060836713e-01,1.097604877116722640e-03,-8.703424510419872570e-03,-2.084639682093369917e-02,-3.883452571747977866e-02,-2.468056577728722917e-02,-3.671189092105348051e-02,-2.051802495291995057e-02,-2.345109574150213219e-02,-2.200441566606001764e-01,-5.647083008907612806e-02,1.074366665094186463e-01,-1.620853121245622586e-01,6.428800160996543667e-02,-2.627301727530712006e-01,3.996630259467472968e+00,-3.845651483672928306e-01,1.955803597794400217e-01,-1.929634513357943171e-01,1.513175004223141218e-01,-1.750895613368335380e-01,2.427624013090640132e-02,-1.800434769272259705e-01,2.365580382673916626e-01,-2.195119532529726247e-01,1.565097941670274273e-01,-1.660096534923612144e-01,1.587119044756029884e-01,-1.242563360272811446e-01,7.638538913228624938e-03,-1.598408184022145906e-01,7.103727761927858264e-02,-2.855059716509381618e-01,3.186706974286485083e-02,-5.303370801644822358e-02,4.943727468457249224e-02,1.254341512610224196e-01,2.674184506927673177e-01,2.132663680954097890e-02,2.497987016824232756e-02,4.960130793007262728e-02,2.062565473356247139e-02,6.429606699955255078e-02,-1.289259155077496222e-01,-1.703107306994053050e-01,-1.098501003362453571e-01,-1.350377245514730595e-01,-7.617414755256460279e-02,6.861956260727269941e-02,-5.752210278256717629e-02,-5.035814690231315421e-02,-5.634512292091843622e-02,-4.577841184092534127e-02,-2.003837777120907326e-01,-1.685041983027148194e-01,-3.414749648493252687e-01,-1.044655695632039916e-01
-3.786276879222388314e-01,-3.571802844896378344e-03,-1.073585055536423888e-02,-9.378734983795623207e-04,-2.188104477641806406e-02,-2.049535804558876712e-02,-1.265071388040179927e-02,-7.442333580865832798e-02,-4.446622051212398979e-02,2.481583149492548254e-02,-1.693815468250756684e-01,-1.500974115643564644e-01,-3.631588014926122598e-01,-1.664466739494034064e-01,-2.454110681944650374e-01,-3.845651483672928306e-01,3.732441554122889471e+00,-1.220476526555388380e-02,-9.112154153248701316e-02,-9.473785529052426713e-02,4.946508037577369843e-02,2.446267342212716800e-01,-2.722598123324158070e-01,1.227190199436741930e-01,-2.431411267797110587e-01,2.114779938080229779e-02,-7.184602231545425544e-02,1.213215546377611614e-01,-1.848230234246163173e-01,2.678650581548785437e-01,-2.740523137363978790e-01,5.686169976334141951e-02,-2.599057629203824771e-01,-1.021545900272461393e-01,-9.725922798646458034e-02,-6.514975910526661640e-02,9.851081495166969307e-03,-6.603651618396577661e-02,-1.257532569227826080e-01,1.468583556866583650e-01,9.147798125263857660e-02,5.080918151890129880e-02,-1.484103774121132702e-01,-1.012413712172524488e-01,-1.796248903149607334e-01,-7.177517420882212340e-02,-9.428943741825475400e-02,-1.494380368204478726e-01,9.141348346679152581e-02,3.597738351907486809e-02,4.895091497232127720e-02,-2.909850042530620629e-02,-1.521276082738386715e-01,-8.396307921929049845e-02,9.527555382991682691e-04,8.352541337426853951e-02,2.032681608093285519e-02
2.569707216295607499e-01,2.060439726609648511e-02,2.122305440903284393e-02,1.865615920461402219e-02,9.102048981332896624e-03,9.332199870282562384e-03,2.531880786587635546e-02,-1.535251475068923717e-03,4.350415176988351590e-02,1.184331782102737707e-01,1.358612261569643043e-01,1.646784151067424706e-01,1.694529094519173773e-01,3.023701947350082575e-01,1.932524861495214796e-01,1.955803597794400217e-01,-1.220476526555393931e-02,7.584504959514725364e+00,-4.465946324516409049e+00,-2.862825762840102636e-02,1.230481369720164975e-01,-1.658386852489701357e-01,6.907863308891928900e-02,-2.685919727773542487e-01,1.142685899000432659e-01,-2.699512417085524196e-02,8.836704478326805334e-02,-1.319454212697959705e-01,1.453523787563732184e-01,-4.281775289577945814e-02,9.747585962270199911e-02,-2.025509987637268486e-02,4.134018401358175582e-02,-1.469289024168485627e-02,7.946135878179444098e-03,-2.345895007693736545e-01,-5.375337085949532384e-02,-5.895632421674308621e-02,-1.083115731313987612e-01,-1.352356090802202815e-01,-9.943850696937447942e-02,-6.726374607602501887e-02,-1.179645560284200145e-01,-2.038502354860751709e-01,-2.085914487564793640e-01,-5.345927683035431484e-03,-2.375017578538242968e-01,-1.600757444128880769e-01,-1.156406762994467430e-01,-1.064372259900962514e-01,8.034073237140088031e-02,-1.213922397786916935e-01,-7.344203740210641929e-02,-1.310311996038734383e-01,2.724998624411363590e-02,-2.175252139844851551e-01,-3.938137683801378602e-02
-5.521346172559435939e-01,-1.168544363103696075e-02,-3.818601851228314165e-02,-4.015258037685309755e-02,-4.237430452987764849e-03,-7.330290363208670328e-03,-4.114445592094937570e-02,-1.531444833683156571e-02,-2.009814973724423706e-02,-7.478913597616072828e-02,-2.024779442207227387e-01,-2.082997797159005238e-01,-2.010252738231447511e-01,-2.535081132646296864e-01,-2.208882537267565782e-01,-1.929634513357943171e-01,-9.112154153248698540e-02,-4.465946324516409049e+00,3.857995087909247722e+00,1.303509708846640747e-01,-2.517245375219645531e-01,1.917481915662487824e-01,-1.944141670339226136e-01,1.524592426171431647e-01,-1.377529789674011851e-01,1.564957263300083279e-01,-2.657735836867469725e-01,1.638437417176337729e-01,-1.693143460424751945e-01,-3.235674360710999280e-03,-1.017590169875967482e-01,1.358845022490223209e-01,-1.555385687154084706e-01,-5.638623657861140115e-02,-5.611469388816204065e-03,4.003865947560862615e-02,5.390694625736167783e-02,9.398641114743161440e-02,1.313639548276136493e-01,7.761823457035692264e-02,1.598232473116193708e-01,5.233074618690472524e-02,1.374036878221375768e-01,9.677520480470999664e-02,9.217096869804868031e-02,-4.695927789777041422e-02,-3.651671429053326718e-03,4.464062680553376739e-02,1.097538725312158514e-01,8.115976376215211507e-02,-5.039450557670659657e-03,2.938558112253839699e-02,3.626822435088315061e-02,4.774370823722654672e-02,4.581374623540173524e-03,9.770936473785558907e-02,4.466188741736792922e-02
2.584979071894882852e-01,2.485687511539876743e-02,6.987284396632440289e-03,3.719519313057992414e-03,-3.151342685959218799e-03,1.384100580923072234e-02,3.483737490047198598e-02,-1.346648846198950089e-02,8.308397865059613703e-04,1.134619039765179770e-03,-1.509066188068815539e-01,2.747179475148689778e-02,9.803085727749384637e-02,9.811118867674546717e-02,-5.694432067510799174e-03,1.513175004223140940e-01,-9.473785529052426713e-02,-2.862825762840156066e-02,1.303509708846643245e-01,7.215232315026959498e+00,-4.379715463135303466e+00,-1.592929245641330760e-02,1.594391273501811757e-01,-1.107144939856846283e-01,2.091376491181543840e-01,6.499484006141899306e-02,1.653606065360919974e-01,-7.393305856268891918e-03,8.942201579870866224e-02,-1.840713329454314873e-01,4.631949365779130384e-02,2.131977896791150198e-02,1.999170545001137111e-01,-6.377901459004259310e-02,4.790480195710257634e-03,-1.593007501922238667e-01,-2.654787387807195920e-01,-3.912745221739706847e-01,-1.463854940192837462e-01,-1.022293144123630343e-01,-1.246358692663060153e-01,-1.672207072192594401e-01,-7.968815054542703613e-02,-7.087902927787596841e-02,8.222045779503426308e-04,-1.806442275680756335e-03,-9.033700259484263306e-02,-1.173284916326228777e-01,1.614045156769832942e-02,-3.251587728043039971e-02,-5.910481953662431037e-02,-1.209851800195650834e-01,-1.720200075102693849e-01,-1.360910830188418186e-01,-8.377849611063395430e-02,2.607497359359546747e-03,-8.454537465956853126e-02
-5.280680613367220166e-01,3.024300416929464209e-03,-1.022514958583627294e-02,-1.460096461767703552e-02,-4.054427815064280682e-02,-1.301912264673061800e-03,-7.045928697030025625e-03,8.563873455320345288e-03,-5.486397922122814019e-02,-7.540210738094715870e-03,-7.191441408352262921e-02,-7.789625082465033434e-02,-2.120943786442127388e-01,-1.445647730600936876e-01,-1.653832220373943618e-01,-1.750895613368335102e-01,4.946508037577369843e-02,1.230481369720166918e-01,-2.517245375219647752e-01,-4.379715463135303466e+00,4.003011912895511948e+00,1.156346367049281842e-01,-2.489557444084316562e-01,1.324606586683270693e-01,-2.940666382437315818e-01,1.169451249787492736e-01,-2.982403745095070224e-01,6.106665320563400140e-02,-1.590777216109941217e-01,1.901222845697881914e-01,-1.778374742593709645e-01,-3.027025789053044286e-02,-1.804261353555406677e-01,2.058136317724999428e-02,4.448323864437696284e-02,4.871009225071946253e-02,1.706882583512634444e-01,8.278899892045939179e-02,7.535410883469544074e-02,7.379789552809891406e-02,6.700146447757977797e-02,9.557118872127702558e-02,-1.493519413913277361e-02,8.909083360989394906e-02,1.803897594319495840e-02,3.950874158209181225e-02,1.011609697414824899e-01,1.357710214444323923e-02,-1.237206374667219055e-01,-1.177154647643204183e-01,6.464063169026199041e-02,4.052684557943753152e-02,7.343113347665974899e-02,2.553794331289624756e-02,1.413021971265925603e-01,2.251280845032775646e-01,5.781667981338986517e-02
2.371511686932016305e-01,-1.388052918612620035e-02,-2.536053420850057846e-02,-3.593920380516869763e-03,2.045529186412932063e-02,-5.684365442990398087e-03,3.468794922510140544e-02,2.410536295222184475e-02,-9.936603782910080965e-03,7.245346347798367614e-02,9.467182680169626552e-03,2.303550186540418154e-01,1.167219394498439644e-01,-1.921992166404305410e-02,7.877443373629669510e-02,2.427624013090632152e-02,2.446267342212717355e-01,-1.658386852489695251e-01,1.917481915662486991e-01,-1.592929245641318270e-02,1.156346367049279206e-01,7.240959960778545756e+00,-4.666662507720809039e+00,-1.405929100130390852e-01,1.628470620058125873e-01,1.768717212373373954e-02,1.590154850084561089e-01,5.804928974004287118e-02,1.438845979188794200e-01,-1.118631567308425549e-02,1.081389763222298100e-01,-5.727867053578158951e-02,1.172683307788035673e-01,-9.915776012288574082e-02,-1.470166956391959490e-01,-4.905362176311177380e-02,-2.036553738541604375e-01,-1.353189183991386491e-01,-1.162165068322612710e-01,-1.917571452372610619e-01,-3.897530531566639062e-02,-1.020291283831818718e-01,-1.472219778404237900e-01,-9.117486642056571444e-02,1.071007709388051635e-02,-2.051156445080461188e-02,-1.518185929820967395e-01,-5.870965980555852004e-02,-6.120581651644729088e-02,-1.025839872822944948e-01,-1.468869441957416644e-01,-1.204192281132911990e-01,-3.737718606762952672e-02,-9.465609049077987336e-02,-9.732591579480001642e-02,-1.477281381363386159e-01,-2.162751967391524643e-01
-5.884732056335326700e-01,-3.585177849232407815e-02,3.449447460813125088e-03,1.929327912747977672e-02,-2.765208207770412235e-02,-1.982481032242780147e-02,-5.109515020483615909e-03,-1.840129169351588725e-02,-3.898944578341298484e-02,-1.224753729962609755e-01,-3.818624341077814233e-02,-1.862647201114158435e-01,-4.651972417744235783e-02,-1.966310996398565325e-01,-2.229402676043452103e-01,-1.800434769272259705e-01,-2.722598123324158625e-01,6.907863308891880327e-02,-1.944141670339226413e-01,1.594391273501810369e-01,-2.489557444084314897e-01,-4.666662507720809039e+00,4.447404857280935708e+00,6.677642713478394720e-02,-1.914341967318253790e-01,9.433542402964988083e-02,-2.905986427618454382e-01,6.417902161215997825e-02,-2.409877348210853476e-01,5.546563246630260846e-02,-1.741454235769087922e-01,1.393323586297151584e-01,-2.292521033995343627e-01,2.107432327113654413e-01,1.069200135295534371e-01,-3.433586276547970911e-02,9.504889347386645537e-02,1.370692056254909641e-01,1.756911927096294346e-01,1.520455178334584323e-01,3.289068516573589313e-02,1.524146685815270241e-01,1.038687506898930968e-01,7.522901337978379899e-02,-1.840827067060138780e-02,4.410068558408025696e-02,1.008585713509154227e-02,6.151352456528954432e-02,1.000323352008873484e-01,3.710780547839703097e-02,1.015247484403784123e-01,-1.404428384505021325e-02,1.101482993192578509e-02,-1.519170592838372602e-03,1.091123279127373565e-02,2.124304311911190402e-02,-1.543210944765939160e-02
2.220859729730613741e-01,-9.306810472166778328e-03,-2.192681087244568918e-03,2.053334618717316679e-02,3.503294606206847073e-02,3.182279763734308098e-02,1.845507943742297208e-02,1.632496580909856623e-02,4.342152094304448096e-02,1.075229209241776451e-01,2.485982720033725821e-02,7.937188899499345029e-02,1.489807908454548746e-01,4.770627584738023480e-02,1.330594310593255780e-01,2.365580382673916626e-01,1.227190199436741930e-01,-2.685919727773548038e-01,1.524592426171431925e-01,-1.107144939856850863e-01,1.324606586683273746e-01,-1.405929100130391129e-01,6.677642713478421088e-02,7.135749697226279054e+00,-4.456996588737689002e+00,-1.248528815225068561e-01,2.219176809362208846e-01,-1.644222516378671117e-01,1.545136446176433309e-01,3.801302138753265281e-02,4.795929347493359252e-02,-2.188155505048391958e-01,2.408914377111693317e-01,-2.382832520079038521e-02,-2.576107764112393061e-01,-2.469980645760726512e-01,-4.584137229683529768e-02,6.908614363834944538e-02,-9.167059724068395143e-02,-1.468857137190387185e-01,-1.078598899916210635e-01,-1.798081992811152441e-01,-4.617871304395948506e-02,1.912560117433603768e-02,-1.493449602637731688e-01,-1.735783842312127456e-01,-1.235529510546062998e-01,-1.817930441129156915e-01,-8.465415233274127538e-02,-1.183526825352777950e-01,-8.778824178248452459e-02,-2.249701224246768855e-02,-1.291155560427197646e-01,5.978831956010802889e-02,-1.592280696868174084e-01,-4.407307517320725385e-03,-1.515542092302080701e-01
-6.274658410142833764e-01,1.588776059651126563e-03,-3.151592344092282727e-02,-2.250101452772186941e-02,-2.974688393011692619e-02,-3.873226009140630366e-02,-7.276570300836919525e-02,-4.324527467475544618e-02,-1.708331148781807099e-02,-1.234835848249007939e-01,-1.760145953815412390e-01,-9.245429392709327010e-02,-1.848743345546435268e-01,-1.244191350907691423e-01,-6.056321100302554383e-02,-2.195119532529726525e-01,-2.431411267797110587e-01,1.142685899000434741e-01,-1.377529789674011018e-01,2.091376491181542729e-01,-2.940666382437314708e-01,1.628470620058125318e-01,-1.914341967318252402e-01,-4.456996588737689002e+00,4.073512788685750508e+00,9.625409377919261211e-02,-2.078146455123407732e-01,8.472383558549621829e-02,-2.035162104806750583e-01,1.098945100458450924e-01,-1.344520638972567239e-01,9.460377860744759171e-02,-2.252754310092734136e-01,2.694759990223563953e-02,6.564165906332440625e-02,1.624958577207547827e-01,1.018259979211024180e-01,1.985815195418460155e-04,1.373158748127693007e-01,6.111874936287190613e-02,7.842740790401311890e-02,1.554389396235422993e-01,7.100743795966914414e-03,4.785179811802114935e-02,9.643825709817840930e-02,3.569142839617689411e-02,8.286393334474881356e-02,-1.937226231209574975e-02,5.450484651675623765e-02,9.375400216245899365e-02,-6.321158460127574395e-03,1.912650189292739583e-02,6.901043656522787284e-02,-5.350519591200784270e-03,3.276396215069408285e-02,-6.313492286422274502e-02,1.178504717283150316e-01
1.608653279518401091e-01,2.388351895989337947e-02,2.965389781968949534e-02,-4.559592253453910969e-03,6.917684728487402679e-03,2.988379137936912275e-02,3.850438316161450963e-02,4.449340646815267558e-02,-2.360851513256473962e-03,1.051296471680839353e-02,-7.489644059760008910e-02,1.287221307174366558e-01,-2.497853449579115134e-02,1.066334750670489412e-01,1.508242377426690095e-01,1.565097941670274828e-01,2.114779938080233249e-02,-2.699512417085522462e-02,1.564957263300083001e-01,6.499484006141907633e-02,1.169451249787492181e-01,1.768717212373378811e-02,9.433542402964992246e-02,-1.248528815225067451e-01,9.625409377919261211e-02,7.751168140144785390e+00,-4.901943898081106532e+00,-1.017474197007140341e-01,2.498913749292397957e-01,-1.238953198376262776e-01,1.463148224974844813e-01,9.883231000678073530e-02,3.128707185804993629e-02,-8.063180703566413809e-02,-1.056809901682660008e-01,-1.058770817357064381e-01,-1.129854581762744226e-01,-1.602489996486937407e-01,-1.425700949079175828e-01,-1.900359689138126917e-01,-8.813521889872792670e-02,-7.806015066515409329e-02,-1.304100997059483291e-01,-1.905135910310981617e-01,-1.362189749665934473e-02,-1.301251189735329883e-01,-9.384733245959088477e-02,-1.397193280616094435e-01,-3.072125488302007712e-02,-2.748727930693801724e-01,-2.023834667776538698e-01,-2.452372723267672375e-02,-1.285933010207935268e-01,-1.242963702371098211e-01,-1.138914347692864676e-01,-9.567966477649608725e-02,-6.946145426376919285e-02
-6.628376810083604909e-01,-2.400756719504051201e-02,-5.457101598460232378e-02,-1.964595423030100763e-02,-1.629184051486680385e-02,-1.195428903543993907e-02,-4.734085564811946895e-02,-5.097625198813195146e-02,-6.692951034004853555e-03,-2.766403783053649201e-01,-2.000011448058775787e-01,-2.025363339704926435e-01,-1.842619338986755118e-01,-1.369364596485140861e-01,-2.649515110914282823e-01,-1.660096534923612421e-01,-7.184602231545426931e-02,8.836704478326810885e-02,-2.657735836867469170e-01,1.653606065360920807e-01,-2.982403745095069669e-01,1.590154850084561089e-01,-2.905986427618454382e-01,2.219176809362208569e-01,-2.078146455123407732e-01,-4.901943898081106532e+00,4.715415541945794153e+00,1.281308020655719249e-01,-2.485041933950648818e-01,9.398183507483459653e-02,-1.510877396552929852e-01,1.026810727504164911e-01,-1.865995684619726203e-01,2.339906101425274498e-01,1.061694486697325746e-01,2.845854349675501216e-01,6.481397872269102634e-02,1.400281288121582035e-01,9.279260222010299319e-02,9.932532789860180900e-02,-2.247754126294753199e-02,8.703324927189469429e-03,5.322928255667922631e-02,1.000297457662304296e-01,6.074372278192470553e-03,1.489648497717449838e-01,1.567026491415095812e-01,6.818158511526500876e-02,-3.478526218181914736e-02,9.156290475169684417e-02,9.835313445189289294e-02,-6.289674065095900157e-02,-6.105811439363774407e-02,-1.099457254565852082e-01,-3.709792375436881534e-02,-3.622360371138718532e-02,5.742891929434355835e-02
2.504248844358382131e-01,5.123584754091125085e-03,3.493939394198837534e-02,3.276680308226943145e-02,-2.038403997985339250e-02,4.732853023205840087e-02,2.965819151160802025e-02,-3.058563207217531582e-03,-3.839969426315054048e-04,8.229359215570916652e-02,1.795188436302712354e-01,-1.307708527599456827e-01,2.912557005250011044e-01,1.147707408157100650e-01,1.117691166488255505e-01,1.587119044756030717e-01,1.213215546377611614e-01,-1.319454212697958595e-01,1.638437417176338007e-01,-7.393305856268772222e-03,6.106665320563390426e-02,5.804928974004282954e-02,6.417902161215995049e-02,-1.644222516378671672e-01,8.472383558549623217e-02,-1.017474197007137288e-01,1.281308020655717583e-01,6.968911792791992355e+00,-4.269483667489645917e+00,9.811299616221677566e-02,1.914001601925818460e-02,-1.029617563793766150e-01,8.897564752189453252e-03,-1.169950321924232151e-01,-1.758430433331895637e-01,-8.446570111170580153e-02,-7.060164603027406505e-02,-1.338079902350909067e-01,1.852243710691299505e-02,-1.598260364344878115e-01,-8.828636112206807163e-02,-3.042488165652014118e-02,-2.066184312524683153e-01,-1.718721141365828764e-01,-2.151614117195125853e-01,-2.386476733023658592e-01,-1.561347798799363196e-01,-1.289432949119214133e-01,-1.213632822260520411e-01,-1.281157043664908068e-01,9.499041443039711596e-02,-2.386183453464283122e-01,1.170143119631618552e-02,-9.052460904338628656e-02,-5.325268867133372414e-02,-5.045978361789580507e-02,-1.077173799203897386e-01
-5.278850225293851839e-01,-2.043147145396155551e-02,-3.266020865429491993e-02,-1.476659283868477293e-02,8.650642040428816598e-03,-3.447712036059186191e-02,-1.499715951865882198e-02,-2.537605468313795104e-02,-2.865105115788478193e-02,-1.595968023034356753e-01,-1.423299198933840881e-01,-3.226663402369854550e-02,-2.007141192414102771e-01,-2.367876058305844189e-01,-2.259921268931616156e-01,-1.242563360272811168e-01,-1.848230234246163450e-01,1.453523787563730241e-01,-1.693143460424751112e-01,8.942201579870862060e-02,-1.590777216109942049e-01,1.438845979188794200e-01,-2.409877348210853476e-01,1.545136446176433309e-01,-2.035162104806750027e-01,2.498913749292397402e-01,-2.485041933950647985e-01,-4.269483667489645917e+00,3.819351580587595052e+00,-3.581692260023532082e-02,-1.591452775771435013e-01,6.982734466126785944e-02,-1.022606493403217937e-01,3.536017473990753918e-02,1.534015789133068020e-01,8.074209451636638057e-02,2.620822114484646498e-02,9.170978745650849862e-02,8.342477107362446243e-02,4.243848447002337987e-02,1.021880276433615592e-01,8.428367156565978735e-02,5.508896760614272192e-02,-6.187090626314153442e-03,4.942475060081612942e-02,1.269125156384946218e-01,4.994012950819968349e-02,7.035961975990599748e-02,8.148681855893454007e-02,2.308800652078261961e-02,-8.084861825304616445e-02,1.578864629027966482e-01,2.305867671987099979e-02,4.982119596575590448e-02,9.951129614330351744e-03,5.955787074249636187e-02,-2.131767780905510085e-03
1.613373445545864260e-01,1.623505947692995693e-02,-1.637504329954000276e-02,-1.536070075597787202e-02,5.379051428246638816e-02,3.362402604857651911e-02,-5.403248983381925274e-02,1.763668024684981669e-02,-1.634707915873232636e-02,-1.183846259938782508e-01,5.093281231355788891e-02,2.102913599493169694e-02,1.265308487156209527e-01,-5.981549740037585966e-02,2.678203332309420787e-02,7.638538913228637081e-03,2.678650581548785992e-01,-4.281775289577958998e-02,-3.235674360711063898e-03,-1.840713329454320146e-01,1.901222845697881914e-01,-1.118631567308440468e-02,5.546563246630260152e-02,3.801302138753259729e-02,1.098945100458448704e-01,-1.238953198376261666e-01,9.398183507483448551e-02,9.811299616221691444e-02,-3.581692260023549429e-02,7.710647458194097581e+00,-4.447890268662082924e+00,-8.265115333797891373e-02,1.023032431110971474e-01,-2.924454076116154641e-02,-1.378572210905376350e-01,-1.580981180368786210e-01,-1.190508743111835105e-01,-1.555245176209977265e-01,-1.211353246780818779e-02,-1.345616344796054520e-01,-1.159423322477086543e-01,-1.085978304352462342e-01,-2.850541162301175047e-01,-1.960878141937729413e-01,-1.253873379696000823e-01,-8.300367766276406378e-02,-1.567227940148889775e-01,-5.464109042354697160e-02,-2.395215321404901843e-01,-1.685463438054445595e-01,-1.065202093830716484e-01,-1.374575037080066342e-01,-1.275592998891915963e-01,-7.156047563347141260e-02,-2.529342308625532817e-02,-1.309262081495947416e-01,-7.710123130187566953e-02
-4.898429329030138946e-01,-4.647451700199899116e-02,3.186423758459821717e-03,1.076893017779764587e-02,-4.145552970297775724e-02,-3.530114183496869951e-02,-2.275293326400660416e-04,-4.571156568513434770e-02,-2.155375928014988812e-02,-6.669679147787616058e-02,-1.334648053142413193e-01,-2.352666332448415110e-01,-1.566363004598278208e-01,-8.611706991573285508e-02,-1.045105104153288937e-02,-1.598408184022145628e-01,-2.740523137363978790e-01,9.747585962270202686e-02,-1.017590169875967065e-01,4.631949365779179650e-02,-1.778374742593712143e-01,1.081389763222299766e-01,-1.741454235769088477e-01,4.795929347493362721e-02,-1.344520638972568904e-01,1.463148224974844536e-01,-1.510877396552930130e-01,1.914001601925808746e-02,-1.591452775771435013e-01,-4.447890268662082924e+00,3.741672504936350396e+00,1.643188987857255867e-01,-2.182237022256430237e-01,2.955419584547797768e-02,1.023083796067916496e-01,1.294215714474523105e-01,8.895259122985667635e-03,1.109901339477858684e-01,5.314852806466018216e-03,1.273688951561703642e-01,9.047069550195510623e-02,4.981429399654011686e-02,3.499372473338820955e-01,1.735949492938624883e-01,2.219621054367676427e-01,6.831362137660390577e-02,1.076163081706977692e-01,4.164351777532412924e-02,-1.871126971133824785e-02,-7.895575533518443129e-03,-7.438548552343157705e-02,-4.787569962521536632e-03,-2.937588732377053666e-05,1.269827743409835188e-02,3.651579291467023369e-02,-4.752926183735758578e-03,-6.973018725078036772e-03
2.651821182586849845e-01,2.334713249435440771e-02,2.547590768996101790e-03,3.385539753857012748e-03,2.907212280435731658e-03,1.354070511277656250e-02,-3.541027404749830243e-02,2.598908530859435351e-02,2.509300354359666942e-03,2.526941223331962555e-02,5.333084128408402402e-02,1.708932723618985516e-01,1.117705988538493928e-01,1.606430181223290898e-02,3.886830319966601971e-02,7.103727761927851325e-02,5.686169976334141951e-02,-2.025509987637272649e-02,1.358845022490222376e-01,2.131977896791170668e-02,-3.027025789053047755e-02,-5.727867053578163115e-02,1.393323586297153249e-01,-2.188155505048389737e-01,9.460377860744777212e-02,9.883231000678059652e-02,1.026810727504164633e-01,-1.029617563793761431e-01,6.982734466126779005e-02,-8.265115333797908026e-02,1.643188987857255867e-01,6.648625935244100837e+00,-4.198682092364062868e+00,-2.488978132083763117e-01,-4.984946319082180638e-02,-6.613421874264584222e-02,-2.809335197918564134e-02,-5.487055504986700083e-02,-1.544734878352942153e-01,-1.183472310131971628e-01,-1.455653618489047008e-01,-1.609500753243227611e-01,-9.371097886047012604e-02,-1.068061021721629644e-01,-1.829965441547707905e-01,-4.567195811188735910e-02,-1.298211097869589881e-01,-1.667792450284224792e-01,-2.404322679247224981e-01,-9.668286555189819359e-03,-9.245150827268576454e-02,1.869506238869482473e-02,-1.204756951197624437e-01,-1.968947043290660698e-02,-1.190835706444656056e-01,-1.418394316789835241e-01,-7.375063691318552161e-02
-5.812431741724717327e-01,-1.621413575856796643e-02,-2.738021164705857144e-02,-5.002414871337871466e-02,-1.278892392596754461e-02,-4.268655778937004847e-02,2.376488434900786775e-02,-5.651200302703732409e-04,-2.901041672911923788e-02,-1.013143773545648746e-01,-6.480117236860009899e-02,-1.606762541920722098e-01,-3.166275078265072263e-01,-1.425292211819440824e-01,-1.541948890954122076e-01,-2.855059716509382173e-01,-2.599057629203825326e-01,4.134018401358199868e-02,-1.555385687154085261e-01,1.999170545001134058e-01,-1.804261353555405845e-01,1.172683307788036228e-01,-2.292521033995343349e-01,2.408914377111694427e-01,-2.252754310092733303e-01,3.128707185805013058e-02,-1.865995684619727313e-01,8.897564752189592030e-03,-1.022606493403220018e-01,1.023032431110971474e-01,-2.182237022256429682e-01,-4.198682092364063756e+00,3.990844231858685642e+00,1.287384947713168248e-01,8.599925110542040729e-02,3.125256449484769411e-02,6.797177173019086638e-02,7.233281808596199458e-02,1.436192585237822950e-01,6.455522541221506150e-02,6.402407391490409772e-02,4.413532974754792032e-02,4.805654944912932103e-02,6.323286836508264144e-04,1.551087731868464048e-01,4.725454996073640695e-02,3.056446825368573390e-03,7.034016245295238168e-02,9.186155412180092850e-02,3.058081501844989863e-02,7.922843432677158237e-02,-1.757777934528219344e-02,7.522175581708492875e-02,7.435045461778817810e-02,2.099201645816407141e-02,3.453521750654280770e-02,-4.722117390646966145e-02
2.231466745640356963e-01,4.224566111366929479e-03,1.332730690242636858e-02,1.647900999499313929e-02,-9.076565651138802579e-03,-9.106929371396971923e-03,-3.882077946182552284e-03,-3.325834339149113909e-03,-5.761729038836089231e-04,1.082347031612707067e-02,2.191388039373409063e-02,1.381911246990708275e-01,6.729941392487136242e-02,1.197994848765065456e-01,2.760410391893640056e-02,3.186706974286481614e-02,-1.021545900272461393e-01,-1.469289024168485627e-02,-5.638623657861140809e-02,-6.377901459004259310e-02,2.058136317724999081e-02,-9.915776012288575469e-02,2.107432327113654413e-01,-2.382832520079038868e-02,2.694759990223560484e-02,-8.063180703566412422e-02,2.339906101425274221e-01,-1.169950321924231595e-01,3.536017473990756693e-02,-2.924454076116153253e-02,2.955419584547798115e-02,-2.488978132083763117e-01,1.287384947713167971e-01,2.875896935012895561e+00,1.654058402604872358e+00,1.502687845765939167e+00,-2.746041536091358704e-01,-2.500414613374407624e-01,-2.625562244115879906e-01,-1.376098190081181116e-01,-2.849071426816109920e-01,-2.760793340800622997e-01,-2.855769252389243062e-01,-2.067517682197852757e-01,-1.720359626199003955e-01,-1.914168395452323923e-01,-3.178884263990072734e-01,-3.159026711653758479e-01,-2.624826176811673739e-01,-2.953797937066543478e-01,-2.592401632935766309e-01,-1.486239735088246416e-01,-2.261709761235624894e-01,-1.872637293150919979e-01,-2.776750722481201028e-01,-2.834715083110078693e-01,-3.060041000659075028e-01
2.687948663207339606e-01,-3.578544160752683209e-03,2.461591642459271326e-02,9.239125587113164451e-03,1.225632803569855558e-02,-7.855811597854688369e-03,-2.152670607255647781e-02,2.166839643581484551e-02,-3.693561368943212853e-02,-2.600671033979228691e-02,2.592248116858161811e-01,1.532921084064954587e-01,4.588487686530752507e-02,-3.180518498199629701e-02,7.502416460375661844e-02,-5.303370801644818888e-02,-9.725922798646456646e-02,7.946135878179464915e-03,-5.611469388816179779e-03,4.790480195710266308e-03,4.448323864437694897e-02,-1.470166956391959490e-01,1.069200135295534093e-01,-2.576107764112392506e-01,6.564165906332437850e-02,-1.056809901682660008e-01,1.061694486697325607e-01,-1.758430433331895082e-01,1.534015789133068575e-01,-1.378572210905376072e-01,1.023083796067916218e-01,-4.984946319082177862e-02,8.599925110542040729e-02,1.654058402604872580e+00,3.583184298126624867e+00,1.748384632844963482e+00,-3.032234760762050341e-01,-3.205641610289996501e-01,-3.036095103069533785e-01,-2.342789276064446424e-01,-2.817794491907508192e-01,-3.377399069803944665e-01,-3.574324544534659975e-01,-3.352271471793316082e-01,-1.953752381919087178e-01,-1.604528971122747838e-01,-4.231182437427503107e-01,-3.048797301737778964e-01,-4.209012492575194275e-01,-3.596344495823278198e-01,-2.461645579381145088e-01,-1.171909618676862247e-01,-2.868156562954410904e-01,-3.655505394200843639e-01,-2.309406410126846054e-01,-1.675394765334521086e-01,-2.007291702039745718e-01
3.145100942786713261e-01,2.734735148449642106e-02,3.243521739472687848e-02,5.811085959800042083e-03,2.599163144452782542e-02,-9.069399492952703520e-03,-2.086736627713437278e-02,3.091616833292802971e-02,-7.006572293833421110e-03,-2.772015236346919015e-02,1.471778324533108417e-01,3.741357862025491976e-02,1.168276615640266025e-01,8.066366012317747677e-03,3.081351327067743950e-02,4.943727468457252694e-02,-6.514975910526661640e-02,-2.345895007693736267e-01,4.003865947560858451e-02,-1.593007501922238944e-01,4.871009225071947640e-02,-4.905362176311177380e-02,-3.433586276547971605e-02,-2.469980645760727067e-01,1.624958577207547272e-01,-1.058770817357063826e-01,2.845854349675501216e-01,-8.446570111170578765e-02,8.074209451636642221e-02,-1.580981180368786487e-01,1.294215714474523105e-01,-6.613421874264584222e-02,3.125256449484771493e-02,1.502687845765939167e+00,1.748384632844963260e+00,3.270932354321986590e+00,-3.744955046961494505e-01,-1.931815850641879218e-01,-1.950674470516735870e-01,-9.953686316524808231e-02,-2.761695907676023909e-01,-2.479793540000275742e-01,-3.195134261848955881e-01,-3.113412184719891451e-01,-1.299138996565934734e-01,-1.621623609134167920e-01,-1.705124187558368087e-01,-2.022993958821104055e-01,-3.446115584197848025e-01,-3.053441241720106225e-01,-3.300248977766926384e-01,-3.808497771876742100e-01,-3.034365517486347641e-01,-3.926443355397054580e-01,-2.704805172231078414e-01,-2.714578677459394962e-01,-1.637194296924706360e-01
3.044600822451446476e-01,4.253946397784535115e-03,9.646627014081461324e-03,-1.933175276166907916e-02,2.551697962760753058e-02,1.337241954935648562e-02,-6.373495249574886654e-03,3.509443458954305227e-03,3.156658233731970964e-03,6.351147050133264249e-02,-3.236347836466529210e-02,-1.378093426472754533e-02,9.184323635541635777e-02,-5.876738546413382697e-02,-3.780853699702343973e-02,1.254341512610223641e-01,9.851081495166983185e-03,-5.375337085949532384e-02,5.390694625736169865e-02,-2.654787387807194809e-01,1.706882583512634999e-01,-2.036553738541604930e-01,9.504889347386645537e-02,-4.584137229683535320e-02,1.018259979211023902e-01,-1.129854581762744226e-01,6.481397872269102634e-02,-7.060164603027405117e-02,2.620822114484647886e-02,-1.190508743111835382e-01,8.895259122985672839e-03,-2.809335197918564481e-02,6.797177173019086638e-02,-2.746041536091359259e-01,-3.032234760762049230e-01,-3.744955046961495060e-01,3.181156880258459552e+00,1.635429008993206867e+00,1.581205632300346720e+00,-3.389489101321075393e-01,-2.643150527693424179e-01,-2.279601918344934530e-01,-1.246025794061370456e-01,-2.478184512950464269e-01,-3.383599955097557066e-01,-3.527936515409078599e-01,-3.842080539046101029e-01,-3.152619437780616041e-01,-2.203492903953934989e-01,-2.113152210647747942e-01,-1.430646211388819367e-01,-2.187842252695655632e-01,-2.432035779466091563e-01,-2.309858782688179457e-01,-1.436952256470969691e-01,-2.807146815159094477e-01,-3.978958934558025629e-01
1.046215993653224624e-01,-1.165455241307900534e-02,-6.980397000942273984e-04,-1.184583375390271635e-02,2.992223697917974733e-03,-1.050232316560255168e-02,-2.989104492185385223e-02,-1.856240795437533522e-02,-2.109285468241365799e-02,-9.268491371983784283e-03,8.114750576209818489e-02,7.407829538057431398e-03,8.888583224533019855e-02,-2.957793173642626547e-02,-3.976707910492442710e-02,2.674184506927673177e-01,-6.603651618396577661e-02,-5.895632421674311396e-02,9.398641114743162828e-02,-3.912745221739707957e-01,8.278899892045937792e-02,-1.353189183991386491e-01,1.370692056254909363e-01,6.908614363834945926e-02,1.985815195418247651e-04,-1.602489996486937407e-01,1.400281288121582035e-01,-1.338079902350909067e-01,9.170978745650852637e-02,-1.555245176209977820e-01,1.109901339477858406e-01,-5.487055504986702859e-02,7.233281808596198070e-02,-2.500414613374408179e-01,-3.205641610289996501e-01,-1.931815850641878940e-01,1.635429008993206645e+00,3.285556697860021913e+00,1.743346240664648716e+00,-2.314547717434930207e-01,-1.840629162991632428e-01,-2.742470796127055577e-01,-2.209497519837720358e-01,-2.808695337366636235e-01,-2.995055416012539773e-01,-1.761833518800277609e-01,-2.239552197464587668e-01,-2.299826887633718842e-01,-2.762088195498836884e-01,-2.746500855635716221e-01,-3.386271034162604554e-01,-4.429765541374812154e-01,-2.954760099017625929e-01,-2.284678635048924267e-01,-2.916757864739622508e-01,-3.954632258391275190e-01,-3.923005572741665725e-01
2.232713248868399003e-01,-1.974097595759109758e-02,-3.045385542380003863e-02,2.469648672458899831e-03,2.228103097602284963e-02,3.195900020315280837e-02,8.541472415514101899e-03,2.101019321192134498e-02,6.309059017634013281e-04,-4.134510813244443583e-02,-5.077306557344041932e-02,2.152785949257573963e-03,8.201749298638386088e-02,-1.139056651098092759e-01,-1.944422302331968722e-01,2.132663680954091992e-02,-1.257532569227826080e-01,-1.083115731313987889e-01,1.313639548276136770e-01,-1.463854940192837462e-01,7.535410883469545462e-02,-1.162165068322612710e-01,1.756911927096294623e-01,-9.167059724068399307e-02,1.373158748127693007e-01,-1.425700949079175550e-01,9.279260222010299319e-02,1.852243710691296730e-02,8.342477107362444855e-02,-1.211353246780818953e-02,5.314852806466014747e-03,-1.544734878352942153e-01,1.436192585237822950e-01,-2.625562244115880461e-01,-3.036095103069533785e-01,-1.950674470516736980e-01,1.581205632300346720e+00,1.743346240664648494e+00,3.183597891005291558e+00,-1.848222095924996478e-01,-1.691185121467211616e-01,-3.283741484016060586e-01,-2.256884531285020534e-01,-2.572658336506649657e-01,-2.866156410796502074e-01,-2.675815146724622728e-01,-4.149198503521384640e-01,-2.157569894330511051e-01,-2.830805062352436674e-01,-3.377106319332183748e-01,-3.830856455820996209e-01,-3.507670260500104220e-01,-2.055011086578898694e-01,-2.013733766921823876e-01,-2.285256336470061211e-01,-2.622303404700969676e-01,-3.281005011026100759e-01
2.254829074922279908e-01,-4.943279438640950894e-03,2.234374413154715036e-02,9.376003777408398882e-03,6.473853137947924684e-03,1.849613949565130297e-02,-5.829985022024183894e-03,2.660710749939582814e-02,1.861515299659265155e-02,4.832464073765974782e-02,-9.968177278966705579e-02,-9.833108778790525251e-02,-2.124790405522948289e-01,4.560988851035953362e-02,-1.033195150265636859e-02,2.497987016824233450e-02,1.468583556866583650e-01,-1.352356090802202815e-01,7.761823457035693652e-02,-1.022293144123630620e-01,7.379789552809891406e-02,-1.917571452372610619e-01,1.520455178334584045e-01,-1.468857137190387740e-01,6.111874936287186449e-02,-1.900359689138126640e-01,9.932532789860180900e-02,-1.598260364344878115e-01,4.243848447002335211e-02,-1.345616344796054797e-01,1.273688951561703642e-01,-1.183472310131971628e-01,6.455522541221507538e-02,-1.376098190081181394e-01,-2.342789276064446424e-01,-9.953686316524813782e-02,-3.389489101321074838e-01,-2.314547717434929097e-01,-1.848222095924996478e-01,3.114852078056081552e+00,1.487322113367343546e+00,1.631512293920151180e+00,-3.631107934077952293e-01,-4.133951368628374645e-01,-3.813279491499009244e-01,-2.518338906799953425e-01,-2.549676356685616763e-01,-2.949148170423759874e-01,-2.326006812920340672e-01,-2.488678637433902885e-01,-3.239705445273350914e-01,-2.236068158562550257e-01,-3.378067272137435517e-01,-2.642736685582353084e-01,-1.592053675161966553e-01,-1.613732187527929796e-01,-3.203967976237589999e-01
1.471884677126520380e-01,-2.970242633245629652e-03,1.761240633700654132e-02,1.191096784636361781e-02,-1.856419257826806904e-02,-1.486696837460122107e-03,2.799290123303413771e-03,2.559837607161637510e-02,7.700381344199087701e-03,-5.350042908888692078e-02,3.985502950120387022e-02,-5.213014844323593001e-03,-1.061388749769490852e-02,-5.615477340390296473e-02,-3.711683740502422224e-02,4.960130793007258565e-02,9.147798125263859048e-02,-9.943850696937442390e-02,1.598232473116193708e-01,-1.246358692663060430e-01,6.700146447757977797e-02,-3.897530531566640449e-02,3.289068516573589313e-02,-1.078598899916210774e-01,7.842740790401307727e-02,-8.813521889872791282e-02,-2.247754126294752852e-02,-8.828636112206804387e-02,1.021880276433615453e-01,-1.159423322477086543e-01,9.047069550195510623e-02,-1.455653618489047008e-01,6.402407391490408384e-02,-2.849071426816110475e-01,-2.817794491907508192e-01,-2.761695907676025019e-01,-2.643150527693424179e-01,-1.840629162991632428e-01,-1.691185121467211616e-01,1.487322113367343546e+00,3.032938484697674131e+00,1.606522479279384630e+00,-3.152843591647732091e-01,-1.850546355204654714e-01,-2.777606558558867178e-01,-2.914302556810075551e-01,-3.382613693200670069e-01,-3.229157253004671935e-01,-1.882113661289562812e-01,-2.352473655472413494e-01,-2.528420021796836115e-01,-2.498660940725007662e-01,-3.287733054133807897e-01,-3.250074559395818574e-01,-2.694828244108656290e-01,-2.900298817081352620e-01,-2.311115439943508265e-01
2.456407587707573337e-01,-3.247814898757890589e-02,3.511195445520651909e-02,-2.572836482276322570e-02,-1.049057101509835027e-02,-2.750322143447978245e-03,2.073554286780262060e-02,2.124308845229670381e-02,-6.930585688973464609e-03,-1.069487265313223134e-01,-1.983351215188970951e-01,-8.008299168687682545e-02,-1.410707647171909052e-01,9.782453861751148894e-02,9.696773481887376034e-02,2.062565473356246792e-02,5.080918151890134737e-02,-6.726374607602497724e-02,5.233074618690471830e-02,-1.672207072192594401e-01,9.557118872127702558e-02,-1.020291283831818441e-01,1.524146685815270241e-01,-1.798081992811152441e-01,1.554389396235422716e-01,-7.806015066515407941e-02,8.703324927189457286e-03,-3.042488165652014812e-02,8.428367156565977347e-02,-1.085978304352462342e-01,4.981429399654010298e-02,-1.609500753243227611e-01,4.413532974754791338e-02,-2.760793340800622997e-01,-3.377399069803944665e-01,-2.479793540000276020e-01,-2.279601918344934530e-01,-2.742470796127055577e-01,-3.283741484016061696e-01,1.631512293920151180e+00,1.606522479279384408e+00,3.089153261342954870e+00,-3.121506447670656659e-01,-2.503879122331438833e-01,-2.638264607483312152e-01,-2.431316812601180544e-01,-2.863339778454978557e-01,-3.487988989855297373e-01,-2.366446720568242124e-01,-2.759454129085497920e-01,-2.562773873672810065e-01,-2.078570845206421658e-01,-2.364160385674930198e-01,-3.120918066146800007e-01,-2.234886892125046431e-01,-2.300611783832084145e-01,-3.283598415519341507e-01
1.313798767491377584e-01,-5.518967534977763968e-03,6.227036129108564581e-04,4.875675012036269004e-03,-3.687522862229189024e-03,1.144669114370354228e-02,2.207191760023877181e-02,-6.932040431907569161e-03,4.841518334077307868e-03,4.679816665357761779e-02,-3.975789508666593974e-02,-2.430313518482198620e-01,-1.328982313817815841e-01,-1.173492777195142139e-01,1.850215905179506543e-02,6.429606699955252302e-02,-1.484103774121132702e-01,-1.179645560284200978e-01,1.374036878221375491e-01,-7.968815054542706389e-02,-1.493519413913274238e-02,-1.472219778404238177e-01,1.038687506898931245e-01,-4.617871304395953364e-02,7.100743795966969925e-03,-1.304100997059483569e-01,5.322928255667925407e-02,-2.066184312524683431e-01,5.508896760614274274e-02,-2.850541162301172271e-01,3.499372473338820955e-01,-9.371097886047020931e-02,4.805654944912936960e-02,-2.855769252389243062e-01,-3.574324544534659420e-01,-3.195134261848956436e-01,-1.246025794061371289e-01,-2.209497519837720636e-01,-2.256884531285020812e-01,-3.631107934077951738e-01,-3.152843591647732091e-01,-3.121506447670656659e-01,3.863907852240795471e+00,1.770685149628669075e+00,1.852284668460666639e+00,-3.020072954517094566e-01,-4.789979281524615606e-01,-2.455868649857137209e-01,-2.441581205246513009e-01,-4.069608849442718501e-01,-2.941449709078203245e-01,-2.889984157383908014e-01,-3.904653492405193438e-01,-2.984709930499902519e-01,-3.352745060573742442e-01,-4.809692872292712362e-01,-4.437794181861639542e-01
1.451313708999958096e-01,2.691122772090129896e-03,8.417678142324054938e-03,-1.447649115084771905e-02,4.555855544043887345e-03,-1.948179345876972779e-02,-1.824819411359850443e-02,1.516728156791488646e-02,3.380470927957508753e-02,4.821049263457737738e-02,-3.086102609733521601e-02,-2.507032932586791395e-03,-2.511877430678093048e-02,-4.904521702807739664e-02,2.091248071546296383e-01,-1.289259155077496777e-01,-1.012413712172524766e-01,-2.038502354860752264e-01,9.677520480470998276e-02,-7.087902927787601004e-02,8.909083360989394906e-02,-9.117486642056575608e-02,7.522901337978382674e-02,1.912560117433605503e-02,4.785179811802112160e-02,-1.905135910310981895e-01,1.000297457662304296e-01,-1.718721141365828486e-01,-6.187090626314158646e-03,-1.960878141937730523e-01,1.735949492938624883e-01,-1.068061021721630477e-01,6.323286836508582899e-04,-2.067517682197853035e-01,-3.352271471793316637e-01,-3.113412184719891451e-01,-2.478184512950465379e-01,-2.808695337366636791e-01,-2.572658336506650212e-01,-4.133951368628374090e-01,-1.850546355204654436e-01,-2.503879122331438833e-01,1.770685149628669075e+00,3.158759184269361864e+00,1.623724543995186176e+00,-2.997095302878269307e-01,-2.649822184213290188e-01,-1.655773549568231029e-01,-2.413536448660259237e-01,-3.533904464227265452e-01,-2.759079902897644820e-01,-2.800338939017917861e-01,-3.118047692187264075e-01,-3.547068805935629232e-01,-4.133007531911689347e-01,-2.539748400124595684e-01,-2.845507381520182011e-01
1.554809703105204666e-01,-4.584688230470931186e-02,1.495205930222156740e-02,-3.303395885147964589e-02,-1.690365118786770274e-02,1.597712175423295078e-02,2.864668470188401136e-02,1.137337405259416026e-02,1.623396071836627486e-02,2.854944577396303917e-02,1.801019397823432067e-02,-1.092837802938695924e-01,-5.442549548647244474e-03,-6.457649072837419457e-02,6.645908581104580104e-02,-1.703107306994053050e-01,-1.796248903149607334e-01,-2.085914487564793640e-01,9.217096869804866643e-02,8.222045779503221394e-04,1.803897594319498615e-02,1.071007709388048165e-02,-1.840827067060141903e-02,-1.493449602637731966e-01,9.643825709817838154e-02,-1.362189749665939503e-02,6.074372278192458410e-03,-2.151614117195124742e-01,4.942475060081611554e-02,-1.253873379695999435e-01,2.219621054367676982e-01,-1.829965441547707905e-01,1.551087731868464048e-01,-1.720359626199003955e-01,-1.953752381919087733e-01,-1.299138996565933901e-01,-3.383599955097557066e-01,-2.995055416012539773e-01,-2.866156410796502629e-01,-3.813279491499008689e-01,-2.777606558558866623e-01,-2.638264607483312152e-01,1.852284668460666639e+00,1.623724543995186176e+00,3.386711351604128506e+00,-3.102569767251220911e-01,-2.891889103381720116e-01,-2.878026503968091898e-01,-3.246455939676513580e-01,-4.148890699657761805e-01,-3.609906793687639448e-01,-4.007502253065863829e-01,-4.079107798926431827e-01,-3.346211424772616017e-01,-2.443750365286649351e-01,-2.499372197233371007e-01,-2.829550354964313619e-01
7.162733673767263110e-02,7.683788432183947907e-03,8.543106779727863078e-05,-2.107168158317390683e-02,-2.075292657329465620e-02,5.912594690659239184e-03,-2.318170385190514160e-02,5.332465476350314003e-03,1.370539936499809777e-02,-2.577886328413410422e-02,-4.533773005518123428e-02,-1.481270015758317724e-02,1.101414675780242464e-01,-2.698494749729164668e-03,-1.362418010836085047e-01,-1.098501003362453432e-01,-7.177517420882210952e-02,-5.345927683035437555e-03,-4.695927789777043504e-02,-1.806442275680762190e-03,3.950874158209185388e-02,-2.051156445080461882e-02,4.410068558408023615e-02,-1.735783842312127456e-01,3.569142839617687329e-02,-1.301251189735329605e-01,1.489648497717449838e-01,-2.386476733023658592e-01,1.269125156384945941e-01,-8.300367766276406378e-02,6.831362137660390577e-02,-4.567195811188735910e-02,4.725454996073640695e-02,-1.914168395452324201e-01,-1.604528971122747560e-01,-1.621623609134167365e-01,-3.527936515409079710e-01,-1.761833518800277887e-01,-2.675815146724622728e-01,-2.518338906799953425e-01,-2.914302556810075551e-01,-2.431316812601180544e-01,-3.020072954517096231e-01,-2.997095302878270418e-01,-3.102569767251221466e-01,2.673505090563804920e+00,1.636942045137958601e+00,1.528964756835555550e+00,-3.386526281344068856e-01,-3.474060568691703099e-01,-2.815976055313859638e-01,-3.242042647363413410e-01,-2.842982918800376346e-01,-3.793106257572563256e-01,-1.980053034797176204e-01,-2.882404866165478863e-01,-1.212995282872204594e-01
1.790899855051461542e-01,1.286425402781373427e-02,-1.257176065286672202e-02,1.963527895430974488e-02,1.452350057920061797e-03,-6.864045871414082428e-03,7.296707584047549839e-04,-5.764926978416421571e-02,-1.362830896525163774e-02,-6.130251611893033914e-02,-1.867105304231279905e-01,6.357418294252820991e-03,-3.592809810132603990e-03,2.115690401178660640e-01,-1.055472085406536920e-01,-1.350377245514730318e-01,-9.428943741825475400e-02,-2.375017578538242691e-01,-3.651671429053360979e-03,-9.033700259484257755e-02,1.011609697414825176e-01,-1.518185929820967395e-01,1.008585713509152146e-02,-1.235529510546063553e-01,8.286393334474875805e-02,-9.384733245959088477e-02,1.567026491415096090e-01,-1.561347798799363196e-01,4.994012950819966962e-02,-1.567227940148889498e-01,1.076163081706977415e-01,-1.298211097869589326e-01,3.056446825368553007e-03,-3.178884263990073289e-01,-4.231182437427503107e-01,-1.705124187558368365e-01,-3.842080539046099918e-01,-2.239552197464587391e-01,-4.149198503521385750e-01,-2.549676356685616763e-01,-3.382613693200670069e-01,-2.863339778454978557e-01,-4.789979281524615606e-01,-2.649822184213290188e-01,-2.891889103381719561e-01,1.636942045137958601e+00,3.839519335276354806e+00,1.897220791754610225e+00,-2.762812708110652937e-01,-3.022125706571635040e-01,-2.754504168156619026e-01,-3.799356237258932345e-01,-3.095229662375379998e-01,-3.778281113532927504e-01,-3.194716348345703061e-01,-5.080840011241396503e-01,-2.680871358069450427e-01
1.830004957545186550e-01,-7.352047605164376519e-03,6.925045428941142486e-03,2.390643227586906547e-02,1.524719834627855965e-02,-3.211812892986073628e-03,3.383826708276689403e-03,-1.964514858211758100e-02,1.860393069165766286e-02,8.681077387477467711e-02,1.446562794119902844e-02,-7.583653712436279337e-02,1.102385356907454456e-02,2.368527414282902699e-01,-7.582332402094259238e-02,-7.617414755256458891e-02,-1.494380368204478726e-01,-1.600757444128880769e-01,4.464062680553376045e-02,-1.173284916326229194e-01,1.357710214444320801e-02,-5.870965980555854086e-02,6.151352456528953738e-02,-1.817930441129157471e-01,-1.937226231209574628e-02,-1.397193280616094435e-01,6.818158511526498100e-02,-1.289432949119214689e-01,7.035961975990599748e-02,-5.464109042354693691e-02,4.164351777532412924e-02,-1.667792450284225625e-01,7.034016245295240943e-02,-3.159026711653759034e-01,-3.048797301737778409e-01,-2.022993958821104055e-01,-3.152619437780616041e-01,-2.299826887633717454e-01,-2.157569894330510218e-01,-2.949148170423759319e-01,-3.229157253004671935e-01,-3.487988989855297373e-01,-2.455868649857136377e-01,-1.655773549568230751e-01,-2.878026503968091343e-01,1.528964756835555328e+00,1.897220791754610225e+00,3.521610315434518412e+00,-2.380850288916631363e-01,-3.706641943827120311e-01,-3.172328185664077815e-01,-4.480834533685206789e-01,-3.290503432755062518e-01,-4.579176920314794175e-01,-3.232796081693183887e-01,-4.734678282213670708e-01,-2.815014175703670074e-01
6.972694177511429281e-02,2.167471694432579823e-02,-4.110462037676163027e-03,1.665433247476572759e-02,-1.138811822425364779e-02,2.081901304525609481e-02,6.537944011947609962e-03,3.199367256071671082e-03,-5.812289222987773729e-02,-1.112143128308473554e-03,-1.043012771338219236e-01,-1.896141132671391727e-01,-1.549441317918683614e-01,1.379112244939762200e-01,-4.340859366218234594e-02,6.861956260727269941e-02,9.141348346679147030e-02,-1.156406762994467430e-01,1.097538725312158653e-01,1.614045156769833983e-02,-1.237206374667219472e-01,-6.120581651644727700e-02,1.000323352008873623e-01,-8.465415233274126150e-02,5.450484651675623071e-02,-3.072125488302005630e-02,-3.478526218181914736e-02,-1.213632822260520133e-01,8.148681855893449844e-02,-2.395215321404901843e-01,-1.871126971133824091e-02,-2.404322679247224981e-01,9.186155412180094237e-02,-2.624826176811670964e-01,-4.209012492575193165e-01,-3.446115584197848580e-01,-2.203492903953934989e-01,-2.762088195498836884e-01,-2.830805062352436119e-01,-2.326006812920340672e-01,-1.882113661289563089e-01,-2.366446720568242401e-01,-2.441581205246513286e-01,-2.413536448660260070e-01,-3.246455939676513580e-01,-3.386526281344069411e-01,-2.762812708110652382e-01,-2.380850288916632473e-01,3.225432243245399899e+00,1.724869613082244291e+00,1.394254603113207258e+00,-2.525779438576959413e-01,-2.563432852974970033e-01,-3.436622562586784113e-01,-3.461417392847478958e-01,-3.463015549570274132e-01,-4.603205261420820205e-01
1.159909667433258462e-01,1.036889937197564603e-03,2.696741409550284727e-02,2.853020519536393629e-02,-1.452538514087292100e-02,1.602392116596815935e-02,1.200982473035678948e-03,-6.276699054041234328e-03,-4.246438852569789368e-02,1.080530825878000950e-01,6.924947518814933423e-02,-1.194418994020518265e-01,-2.018538847713808107e-02,-4.410789932727855744e-02,-1.439164618592529699e-01,-5.752210278256720405e-02,3.597738351907492360e-02,-1.064372259900961959e-01,8.115976376215212895e-02,-3.251587728043039971e-02,-1.177154647643204460e-01,-1.025839872822944809e-01,3.710780547839698934e-02,-1.183526825352777950e-01,9.375400216245902141e-02,-2.748727930693802279e-01,9.156290475169684417e-02,-1.281157043664908068e-01,2.308800652078261614e-02,-1.685463438054445595e-01,-7.895575533518437925e-03,-9.668286555189800277e-03,3.058081501844988129e-02,-2.953797937066545698e-01,-3.596344495823279308e-01,-3.053441241720109001e-01,-2.113152210647747387e-01,-2.746500855635715665e-01,-3.377106319332184303e-01,-2.488678637433903718e-01,-2.352473655472412939e-01,-2.759454129085496255e-01,-4.069608849442718501e-01,-3.533904464227266007e-01,-4.148890699657762360e-01,-3.474060568691703099e-01,-3.022125706571636150e-01,-3.706641943827121422e-01,1.724869613082244291e+00,3.499565841763383034e+00,1.581536803703966321e+00,-3.185611876587398639e-01,-2.967844167807527911e-01,-3.223416444883857035e-01,-1.955789693642322746e-01,-3.859463371393888065e-01,-3.117698598659358611e-01
9.514602556387227739e-02,6.535855321865282827e-03,-1.960880105993463574e-02,2.485047627290521213e-02,-1.167164878670392571e-02,1.668891294504612488e-02,1.926425374557780984e-02,-3.236111607020780712e-03,-3.392190111986744666e-02,9.217422454655976871e-02,1.125162470592726838e-01,-1.779896165095813665e-01,-7.452823932703986354e-02,-1.562615124454452484e-02,-8.419585367240611795e-02,-5.035814690231314034e-02,4.895091497232129801e-02,8.034073237140086643e-02,-5.039450557670624962e-03,-5.910481953662429649e-02,6.464063169026200428e-02,-1.468869441957416921e-01,1.015247484403784123e-01,-8.778824178248455234e-02,-6.321158460127567456e-03,-2.023834667776538698e-01,9.835313445189292070e-02,9.499041443039711596e-02,-8.084861825304615057e-02,-1.065202093830716762e-01,-7.438548552343154929e-02,-9.245150827268577842e-02,7.922843432677156850e-02,-2.592401632935766864e-01,-2.461645579381145921e-01,-3.300248977766926939e-01,-1.430646211388818534e-01,-3.386271034162604554e-01,-3.830856455820996209e-01,-3.239705445273351470e-01,-2.528420021796835560e-01,-2.562773873672809510e-01,-2.941449709078203245e-01,-2.759079902897645376e-01,-3.609906793687638893e-01,-2.815976055313859638e-01,-2.754504168156619026e-01,-3.172328185664077260e-01,1.394254603113207036e+00,1.581536803703966099e+00,2.912784708544712053e+00,-1.837917690264357362e-01,-2.084538662438907564e-01,-2.999651909920263426e-01,-2.099523305881095259e-01,-2.665805487892556336e-01,-3.748695697073999855e-01
1.982670274231832300e-02,1.516585820945237119e-02,-2.973965069841875974e-02,-1.704073604793077817e-02,2.906610797543025468e-02,-2.416311670041617829e-02,-4.676617680162722251e-03,-2.166163547511470219e-03,2.834766379606975476e-03,-1.177003156312127034e-02,-1.321052259160506170e-01,1.685152931042624147e-01,-2.790593691146790040e-03,-6.887853984562258836e-02,-1.996519319401004675e-02,-5.634512292091843622e-02,-2.909850042530619588e-02,-1.213922397786917351e-01,2.938558112253838658e-02,-1.209851800195650556e-01,4.052684557943758009e-02,-1.204192281132911713e-01,-1.404428384505022540e-02,-2.249701224246765732e-02,1.912650189292739930e-02,-2.452372723267673069e-02,-6.289674065095901545e-02,-2.386183453464283122e-01,1.578864629027966759e-01,-1.374575037080066620e-01,-4.787569962521535764e-03,1.869506238869485942e-02,-1.757777934528216568e-02,-1.486239735088245306e-01,-1.171909618676862525e-01,-3.808497771876739324e-01,-2.187842252695656187e-01,-4.429765541374812154e-01,-3.507670260500104220e-01,-2.236068158562549701e-01,-2.498660940725007940e-01,-2.078570845206421380e-01,-2.889984157383908570e-01,-2.800338939017918971e-01,-4.007502253065863829e-01,-3.242042647363413410e-01,-3.799356237258932900e-01,-4.480834533685207344e-01,-2.525779438576959968e-01,-3.185611876587398084e-01,-1.837917690264357362e-01,3.093549904733046585e+00,1.638132117942486365e+00,1.568085966694035438e+00,-3.802425613720015751e-01,-3.258776485157456881e-01,-4.145142554235586307e-01
5.085327135083988342e-02,6.647855877825201674e-03,-2.805446482849618256e-02,-2.793324337461828687e-03,1.489613691691437335e-02,-1.774542923449709889e-02,1.094302491795612169e-02,8.251722520654390441e-04,4.506730221464584976e-03,-1.035449164006162770e-01,-6.881974968240373025e-02,1.668743650150858182e-01,-1.479615990900546296e-01,-1.446432070610498832e-01,7.224337862012589206e-02,-4.577841184092533433e-02,-1.521276082738386715e-01,-7.344203740210640541e-02,3.626822435088315755e-02,-1.720200075102694126e-01,7.343113347665976287e-02,-3.737718606762951978e-02,1.101482993192580070e-02,-1.291155560427197646e-01,6.901043656522787284e-02,-1.285933010207934990e-01,-6.105811439363773713e-02,1.170143119631619939e-02,2.305867671987102061e-02,-1.275592998891916241e-01,-2.937588732377299306e-05,-1.204756951197624437e-01,7.522175581708491487e-02,-2.261709761235625726e-01,-2.868156562954410904e-01,-3.034365517486347086e-01,-2.432035779466092118e-01,-2.954760099017625929e-01,-2.055011086578899249e-01,-3.378067272137436627e-01,-3.287733054133809008e-01,-2.364160385674929921e-01,-3.904653492405192883e-01,-3.118047692187262965e-01,-4.079107798926430717e-01,-2.842982918800375236e-01,-3.095229662375378887e-01,-3.290503432755061408e-01,-2.563432852974970588e-01,-2.967844167807526801e-01,-2.084538662438907286e-01,1.638132117942486365e+00,3.339217613526674011e+00,1.681532037029319415e+00,-4.500673104358915433e-01,-4.254337729431390547e-01,-5.039433558355541631e-01
2.778125690906278061e-02,4.076073981021129805e-02,-1.470625059560919275e-02,-6.818884813877026420e-03,5.452264398445821197e-02,-3.308289176832674566e-02,1.334298885062468014e-03,-4.100197805342307295e-02,1.424460276899529657e-02,-3.468687772396934765e-02,-2.567934647457129765e-02,1.034904918123221024e-01,-1.010415809902586804e-03,-1.682158582752257547e-01,3.296086913657795409e-02,-2.003837777120907326e-01,-8.396307921929051232e-02,-1.310311996038734383e-01,4.774370823722655366e-02,-1.360910830188418186e-01,2.553794331289622327e-02,-9.465609049077987336e-02,-1.519170592838384095e-03,5.978831956010802889e-02,-5.350519591200757381e-03,-1.242963702371098489e-01,-1.099457254565852082e-01,-9.052460904338624492e-02,4.982119596575595305e-02,-7.156047563347145424e-02,1.269827743409835362e-02,-1.968947043290657228e-02,7.435045461778817810e-02,-1.872637293150919147e-01,-3.655505394200844194e-01,-3.926443355397052914e-01,-2.309858782688180012e-01,-2.284678635048924822e-01,-2.013733766921824431e-01,-2.642736685582353084e-01,-3.250074559395818574e-01,-3.120918066146799452e-01,-2.984709930499903074e-01,-3.547068805935630342e-01,-3.346211424772617682e-01,-3.793106257572563811e-01,-3.778281113532927504e-01,-4.579176920314794175e-01,-3.436622562586785223e-01,-3.223416444883857035e-01,-2.999651909920263981e-01,1.568085966694035438e+00,1.681532037029319193e+00,3.379512398435709386e+00,-2.922625769348529690e-01,-3.710339295680742944e-01,-3.456648838156997638e-01
3.716310649921302639e-02,1.020136150083657441e-02,2.862429277453829024e-02,2.077250838894715082e-02,2.129751370273207101e-02,-8.247828425309432221e-03,-1.209603353055628376e-02,-1.191070504393216926e-02,-2.303076543699418902e-02,8.143718770116197686e-03,2.399272916162507874e-02,-1.386742704170577101e-01,-1.097645983981293399e-01,-1.035100671306241893e-01,-7.619048682962670238e-02,-1.685041983027148194e-01,9.527555382991904952e-04,2.724998624411364284e-02,4.581374623540165718e-03,-8.377849611063395430e-02,1.413021971265925603e-01,-9.732591579480004418e-02,1.091123279127375473e-02,-1.592280696868174084e-01,3.276396215069407591e-02,-1.138914347692864676e-01,-3.709792375436879452e-02,-5.325268867133371720e-02,9.951129614330355214e-03,-2.529342308625538369e-02,3.651579291467023369e-02,-1.190835706444656333e-01,2.099201645816406100e-02,-2.776750722481202138e-01,-2.309406410126847442e-01,-2.704805172231079524e-01,-1.436952256470969413e-01,-2.916757864739623063e-01,-2.285256336470060934e-01,-1.592053675161966553e-01,-2.694828244108656290e-01,-2.234886892125046431e-01,-3.352745060573741887e-01,-4.133007531911688792e-01,-2.443750365286649351e-01,-1.980053034797176759e-01,-3.194716348345703061e-01,-3.232796081693183332e-01,-3.461417392847478958e-01,-1.955789693642323579e-01,-2.099523305881094981e-01,-3.802425613720015751e-01,-4.500673104358915433e-01,-2.922625769348529690e-01,2.656798870593279016e+00,1.424756433262960753e+00,1.551662040313208868e+00
2.749616900855856097e-02,4.341049119540379801e-03,-1.224106002406416538e-02,1.815212266775884445e-02,-3.113058674363739994e-02,3.400403267349380457e-04,6.512635504258600279e-03,-2.348335345164054982e-02,2.781254331261124799e-02,-1.081026441527848519e-01,-2.351589043492773468e-03,-9.378018081220946753e-03,-1.398520708253945255e-01,-2.037249536230765490e-01,-2.394875321093222764e-01,-3.414749648493252687e-01,8.352541337426853951e-02,-2.175252139844851551e-01,9.770936473785560294e-02,2.607497359359544579e-03,2.251280845032775646e-01,-1.477281381363385881e-01,2.124304311911190402e-02,-4.407307517320724517e-03,-6.313492286422273114e-02,-9.567966477649608725e-02,-3.622360371138716451e-02,-5.045978361789581895e-02,5.955787074249634799e-02,-1.309262081495947694e-01,-4.752926183735760313e-03,-1.418394316789835241e-01,3.453521750654281464e-02,-2.834715083110079248e-01,-1.675394765334521641e-01,-2.714578677459395517e-01,-2.807146815159094477e-01,-3.954632258391275190e-01,-2.622303404700969676e-01,-1.613732187527930073e-01,-2.900298817081352620e-01,-2.300611783832084423e-01,-4.809692872292712362e-01,-2.539748400124595129e-01,-2.499372197233370452e-01,-2.882404866165479973e-01,-5.080840011241396503e-01,-4.734678282213671263e-01,-3.463015549570274132e-01,-3.859463371393887510e-01,-2.665805487892556891e-01,-3.258776485157456881e-01,-4.254337729431390547e-01,-3.710339295680743499e-01,1.424756433262960753e+00,3.452295502846785435e+00,1.763252653742090281e+00
1.037467948231696364e-02,2.180319248444100369e-02,1.665663652384556659e-02,-1.912983381047039452e-02,-2.624069286639254053e-02,-1.261168256178566045e-02,6.938191339600800409e-03,-2.150107215859561188e-02,5.609444802776473310e-02,-1.086886893482823524e-01,3.103298990599100485e-02,-1.119270884452990417e-01,-8.471962241535999083e-02,-2.034046039571250353e-01,-1.214109897520031789e-01,-1.044655695632039638e-01,2.032681608093284131e-02,-3.938137683801382766e-02,4.466188741736795004e-02,-8.454537465956853126e-02,5.781667981338985823e-02,-2.162751967391524921e-01,-1.543210944765940375e-02,-1.515542092302080979e-01,1.178504717283150316e-01,-6.946145426376919285e-02,5.742891929434357917e-02,-1.077173799203897248e-01,-2.131767780905494038e-03,-7.710123130187566953e-02,-6.973018725078067998e-03,-7.375063691318556325e-02,-4.722117390646968921e-02,-3.060041000659076138e-01,-2.007291702039748771e-01,-1.637194296924707471e-01,-3.978958934558025073e-01,-3.923005572741665725e-01,-3.281005011026101315e-01,-3.203967976237587778e-01,-2.311115439943508265e-01,-3.283598415519338176e-01,-4.437794181861640097e-01,-2.845507381520183121e-01,-2.829550354964313619e-01,-1.212995282872204178e-01,-2.680871358069448762e-01,-2.815014175703668964e-01,-4.603205261420819094e-01,-3.117698598659360276e-01,-3.748695697074000965e-01,-4.145142554235585752e-01,-5.039433558355541631e-01,-3.456648838156997638e-01,1.551662040313208646e+00,1.763252653742090281e+00,3.328984463599848453e+00
