8.153785195356191284e-01,-7.015059529703824293e-01,-1.707536661159396452e-01,-2.219580683526367060e-01,3.968862783052995447e-01,-8.279263481866862007e-01,3.136157899821435668e-01,-1.376666215733790777e+00,8.039865877244122272e-01,-4.192313899657274523e-01,5.150054056818101356e-02,-1.024953493166408602e+00,-1.895602667054715751e-01,-2.411140885355068375e-01,-9.836428061299119507e-01,9.332949950414592966e-01,-4.431992888224153826e-01,9.604618996527453101e-01,4.482304375968805821e-01,8.009262782971092731e-01,-1.411282270000592531e-01,1.088803314586409776e+00,1.647999667624036491e+00,-5.920961630566531353e-01,-1.315970980110136690e+00,9.988478316441504745e-01,1.048081751996084776e+00,-1.456368461978447604e+00,1.422525660211730880e+00,6.500233974359667100e-01,8.947719405340401888e-01,1.481835737838382849e-02,4.753565816535180732e-01,-1.192019619729012048e+00,-3.246365655861240818e-01,8.154815617167521236e-01,2.171741921249251916e+00,-4.334323925920952059e-01,6.650975030976263858e-01,9.480740615951456229e-01,1.975291047397958466e-01,7.323241408735784441e-01,1.419042173829412889e-01,3.988988133730829166e-01,8.369346862896162031e-01,-2.518102163700327023e-01,-4.675207876735563706e-01,-4.581164327144268689e-01,-2.561304121381469678e-01,1.075017386524805829e-01,-8.280055369751182504e-02,9.927691833012841638e-01,4.698901543126649538e-01,-5.582270139550292720e-01,-1.910360129800814932e-01,6.009998978966420852e-02,-8.176130984979946836e-01
-7.015059529703824293e-01,2.775969721579480520e+00,1.003217079659310063e+00,-3.793661167169927739e-01,2.119358698774873595e-01,1.142522870772489096e-01,1.367189972439043499e-01,-9.625726781725995052e-01,8.372021531445242859e-01,6.619328600403281415e-01,-4.796516334417216809e-01,-8.282116327076312068e-01,-3.973451842780927890e-01,-1.715542124137972302e-01,3.433684227303521186e-01,-2.163931867790507835e-01,4.089756195376210712e-01,7.820880019556019080e-01,9.248886724032389095e-01,5.911293901004859297e-01,-1.303555862606008864e+00,-2.567410059910743558e-01,-7.007920890810847014e-01,3.454487711777600167e-01,2.957225699543913344e-01,5.934787498720625054e-01,9.662655689771462164e-01,-1.692448711861562760e-01,-6.736577060925329485e-01,-3.011427331249171835e-01,-9.035233726332180249e-01,4.451322349542372048e-02,-1.155342189978618261e+00,-6.114700562453583288e-01,5.115382860475079507e-01,-7.884466338862037293e-01,-2.118187572007865782e-01,9.679116335270486760e-01,-4.902849567467030822e-01,1.012120204755631914e+00,-1.653235722023287113e-02,-7.293281959886732668e-02,2.606678243448083965e-01,-7.171309919500604702e-01,-1.054276591945586539e+00,-7.800565491661206607e-01,3.837387941387032098e-01,-4.382275219792098470e-02,2.481532427833196830e-01,-9.824648262867763382e-01,-7.163910091729984719e-01,-2.818093183755626119e-01,-3.054810755401288214e-02,-6.693981355384018839e-01,7.032011967887413784e-01,1.443198139061631635e-01,-1.004315272117169089e+00
-1.707536661159396452e-01,1.003217079659310063e+00,3.244900745012227472e-01,-9.800336682546286760e-01,9.192639961265240967e-01,1.010458627322234015e+00,1.838815568047768023e-01,7.678940056922393120e-01,5.361771725796146137e-01,-5.639589724480004174e-01,1.102587385267216114e+00,-1.931346327692707199e+00,9.619221302766767234e-02,6.020967683440490159e-01,-6.443345742225085049e-01,4.591777356201965921e-01,2.551266853691858127e-02,1.436713717874032459e-01,-9.066290060044047694e-01,2.603168501080245778e-01,-4.860716166662803484e-01,-1.662102017102242146e-01,8.917723216933627350e-01,8.446171700721926134e-01,1.291830218821708454e-01,9.590626299426028289e-01,1.882751057500790109e-02,-1.232633737420881337e+00,1.527578367451155605e-01,2.839460711671510929e-01,8.854516556572141761e-01,-8.697954993059997530e-01,2.923438825246274519e-02,-4.167841005326268777e-01,2.577041311185039874e-01,-2.151326894387972921e-01,-1.123430360505923709e+00,1.597312699058483165e+00,-4.424942854960460248e-01,2.237880434767090532e-01,-1.184594039157693013e+00,-3.658535246213792669e-01,3.260671406305667985e-02,-8.357847372947535547e-03,-1.068859531540272467e+00,-8.998424117484163931e-01,3.433704971169679321e-01,-1.333216699577443598e-01,-4.010116230786555658e-01,-1.844013309216032459e+00,-1.385419097385037324e+00,-8.424650337895731034e-02,-8.279859833387948065e-02,-4.236464541599999079e-02,-6.626306682507886459e-01,3.101535940858034524e-01,2.526603528896217976e-01
-2.219580683526367060e-01,-3.793661167169927739e-01,-9.800336682546286760e-01,3.099648629196216643e-02,1.452155328437753745e+00,1.574380064155176395e-01,1.164289027746370775e-01,2.924333689672616865e-01,-3.107109597781414490e-01,-5.421646950232358320e-01,-1.969029207312177898e-01,7.347916224502981652e-02,7.372057070247811650e-01,5.617952713482428084e-01,-2.080146516661110501e-01,2.512063144077126831e-01,4.536438139701152727e-01,4.801516418442854373e-01,3.683632518008094214e-01,-9.300205808846947475e-01,-2.560357235661055442e-01,-6.890488962165132181e-01,7.086358614484461471e-01,1.215932848836544511e-01,-1.794795627494082613e+00,7.112634459716359325e-01,7.572042190903682801e-01,-4.718019927127078961e-01,4.016015344610476268e-01,-1.912793232393208420e-01,4.107222087956255430e-01,7.032518288035111143e-02,1.780109186026305190e-01,5.896884662361624452e-01,-9.236983135826005720e-01,2.301756693562600820e+00,2.614527455180620796e-01,-9.713442720531152430e-01,5.842223685882023121e-01,9.134767696540094795e-01,7.177453981995282062e-01,-3.644405277584270020e-02,1.048985335043303824e+00,-4.102390361762984616e-04,1.254821840891468643e+00,-3.189159971512561254e-01,6.714151502724324816e-01,1.006542462423494433e+00,5.342960640203127110e-01,1.547523540287698562e-01,5.524431059476553330e-01,6.437370470498005037e-02,-1.755371263936160164e-01,-2.779251051799325190e-01,-3.379054612907228528e-01,-2.166105125462806924e-01,2.694765809872835538e-01
3.968862783052995447e-01,2.119358698774873595e-01,9.192639961265240967e-01,1.452155328437753745e+00,3.582199296168535052e-01,8.148158894291419596e-01,-1.409416427318468668e-01,1.249749568516995257e+00,-6.318482734280382873e-01,-9.024778938395834338e-01,-1.737175641118748337e-01,-1.288604424124480952e+00,5.942454280162038360e-01,-2.274353001551012166e-01,8.585323165403536683e-01,7.974741891420930040e-01,6.226728307642143134e-01,6.674350473147794283e-02,-9.266105968436141316e-01,-5.645973569599355146e-02,2.837392501442480008e-01,-8.964514636103205758e-01,6.999426023426391641e-01,-9.761797512686266609e-01,2.062689954238956513e+00,-3.835950049652922522e-01,7.972849807349341456e-02,-9.157436353150878450e-01,-1.420344335043158379e+00,-9.297015837409514649e-01,-5.825828793669459715e-01,-4.523261555083031848e-01,-7.549631312604941635e-02,1.092326854353433130e-01,-3.263405380226534480e-01,2.504273745628993741e-01,4.519855177475310404e-01,9.977566851211344678e-01,2.532826531358544631e-01,2.689510393390235898e-01,-5.918774236501326280e-01,-1.451458652823761075e-01,1.302123862109877961e-01,-4.729754184379145188e-01,-1.476344286484768009e+00,4.335046047875495967e-02,1.228453150437391228e+00,7.317535010879708812e-01,2.114681755032961075e-01,4.299551939544892787e-01,-2.352042267932993536e+00,-3.221595352123607925e-01,6.380409319675669488e-01,6.898953990602357811e-02,1.291634532716351424e-02,2.008501253490491967e-01,8.397332069389379372e-01
-8.279263481866862007e-01,1.142522870772489096e-01,1.010458627322234015e+00,1.574380064155176395e-01,8.148158894291419596e-01,-4.948248679592681110e-01,-3.279168077149300364e-01,1.035951358016779400e+00,1.681964233196001857e+00,5.878275255739833227e-01,5.602840203621362036e-01,2.063947074792056857e-01,-1.235521046763493391e+00,-2.814703167621559476e-01,-7.555447633731969814e-01,8.830276498784798145e-01,1.944108879851250138e-01,-4.257667791482794839e-01,7.613769895737073634e-01,-2.903008631800573780e-01,9.620624051250482867e-02,-6.831859381510337892e-01,1.959367944913875115e-01,-3.133476134843961591e-01,1.042648481972918484e+00,-6.640389833796791486e-01,3.056977515234755027e-01,-5.906249090794251089e-01,-9.450162439267875691e-02,-1.118696932053551363e+00,7.646573660692265184e-01,1.211657248168665824e+00,-7.986146833506583276e-01,-7.325059501786564953e-01,9.316721448960222363e-01,7.428447675572155129e-01,-4.020182837315690039e-01,-1.648767278932476099e+00,-5.089671176500754068e-01,8.755775497214542957e-01,7.063760947170120152e-01,1.104439390452160552e+00,-1.046001490317656213e+00,-2.476041427572183429e-01,2.939650457592490329e-01,-3.215693994608486150e-01,5.561241830610478276e-01,-2.752978949011086751e-01,5.404798826050161153e-01,2.099766540984773777e-01,-4.671678187741354349e-01,-1.209696015785464596e+00,-7.979655015914938199e-01,-1.578871069517414072e-01,-5.902908329653457770e-02,-9.450386088022936226e-01,4.121503155797913709e-01
3.136157899821435668e-01,1.367189972439043499e-01,1.838815568047768023e-01,1.164289027746370775e-01,-1.409416427318468668e-01,-3.279168077149300364e-01,-2.548333575519679539e-01,-1.379075458925120012e-01,-2.712164230352461791e-01,6.790816651634739021e-01,-2.982012657675587874e-01,-6.595471299354246364e-01,-5.428234951128404484e-01,-3.037762933998510717e-01,-5.038426481420402170e-02,-3.028689910133562369e-01,7.383377839273980170e-01,-1.460994802743311172e-01,1.177208765179987198e-03,3.072157909798749476e-01,-1.512675731534280921e+00,5.861120831298929357e-01,-1.473622033382295360e+00,-5.319123027260824754e-01,9.198613455955397811e-01,6.656399815164562028e-01,6.200444666896095525e-01,-1.572048318261777267e-01,-4.190771601235018795e-02,1.023129658056372016e+00,-2.806476667460802710e-01,-6.691933965579874855e-01,-1.065813161396025999e+00,-3.820167247826416479e-01,-1.975111707364751723e+00,-1.993435813677447467e-03,-8.818336320235744541e-01,-1.392038677697194693e+00,-1.195919515646713394e-01,-3.004906186421763548e-01,4.191151282215852536e-01,-3.728785231137852207e-01,-4.823371492597827159e-01,-1.627470005342365189e+00,-4.111095420823355773e-01,-4.956241519888720526e-01,1.523788746937746907e+00,3.869380866230363591e-01,-3.715731506384228888e-02,-2.240245503630650670e-01,-8.737870461693483248e-01,-1.002754903390245644e+00,-5.001728861904524148e-01,-1.282129912402268090e-01,-6.870175800265243549e-01,1.045334511900932323e-01,2.678125185759464011e-02
-1.376666215733790777e+00,-9.625726781725995052e-01,7.678940056922393120e-01,2.924333689672616865e-01,1.249749568516995257e+00,1.035951358016779400e+00,-1.379075458925120012e-01,9.081798901176483252e-01,1.816705399228463746e-01,3.577226273363925402e-01,-6.523559624237624810e-01,-7.825451228104565171e-01,1.162343976265309387e+00,3.645913630532298666e-01,-2.062791513841580882e-01,6.101171959116180599e-01,-5.025692414681081077e-01,-1.490329629042615789e+00,8.618343577001392752e-01,6.260602878930031645e-01,-6.055622467504157003e-02,1.198347729338323120e+00,2.695042937630686142e-01,-9.303807285053066201e-01,-7.227748991722305894e-01,1.194266862750974489e+00,-1.901548292201353130e+00,-7.450005047074692577e-02,-1.189173810027352340e+00,-4.773024149438694352e-01,-6.818800850368801347e-01,-3.182633095744053509e-01,1.098641381280671125e-01,1.086547266559329428e+00,9.403467171993369345e-01,-6.391334831290086393e-01,3.454662668718926910e-01,-4.906890444428381737e-01,1.135418733760417132e-01,-3.786407906358522403e-03,-9.157756447576538283e-01,-9.449346862250341816e-01,-4.989620266065662446e-01,4.836670002417597369e-01,-3.000845150078264023e-01,-6.226896092555436746e-02,-4.478829923231582022e-01,6.262914815339425401e-01,1.465319983885952304e+00,2.053075672758070680e-01,1.024345123461570140e+00,-2.507320265573632634e-01,7.338931359656830633e-01,9.599753312884136136e-01,-8.481105444436766172e-01,-8.926494809777550943e-01,-2.369185377579888230e-02
8.039865877244122272e-01,8.372021531445242859e-01,5.361771725796146137e-01,-3.107109597781414490e-01,-6.318482734280382873e-01,1.681964233196001857e+00,-2.712164230352461791e-01,1.816705399228463746e-01,-1.304839355988876237e+00,-1.156788801700551761e-01,-6.130427573121294271e-01,-1.506741071365580886e+00,-4.797702632114446142e-01,4.064958414905023854e-01,-9.464524068602298001e-01,2.224522698165570800e-01,9.040350561236601967e-01,-6.672521630082693944e-01,-9.757831076659023717e-01,-8.484892293161400145e-02,5.301481730448794893e-01,1.164089439839985030e+00,-8.105067221863273552e-01,2.755893888527607971e-01,-5.792159753286344470e-01,6.020634748267250647e-01,-9.539507579995104569e-02,-9.396883943775685699e-02,-5.307650258117355691e-01,-2.365355416950443990e-01,2.098342460298600332e-01,-1.264488515844725214e+00,-2.157327637381802055e-01,-7.399156794312437002e-01,4.945900236909185343e-01,-7.630991206816000183e-01,1.104922247560312432e+00,8.892761328532734488e-01,7.757148132179847444e-01,3.539996803700952710e-01,-9.338953765560720210e-01,4.130630665319663941e-01,-3.118553615885460983e-02,-2.514695293281388189e-02,5.164342006192099710e-01,-1.148490935960686299e+00,2.297527818933732813e-01,5.585485388093542891e-01,-7.176087390893621798e-01,-5.811958507884975589e-01,7.985738106215455323e-01,2.148790849331106423e-01,-5.843652172785102072e-01,-5.378299678912046300e-02,1.012297746176061553e-01,-9.236635437720871478e-01,2.889570076246704144e-01
-4.192313899657274523e-01,6.619328600403281415e-01,-5.639589724480004174e-01,-5.421646950232358320e-01,-9.024778938395834338e-01,5.878275255739833227e-01,6.790816651634739021e-01,3.577226273363925402e-01,-1.156788801700551761e-01,1.040570210193395018e-02,-2.322062957262421290e-01,8.422934338628038087e-02,5.357738013824150380e-01,6.166609967963774253e-01,3.520398728886778295e-01,1.745551967635877721e-01,-1.815086216184530477e-01,1.683670220617409785e-01,-1.057296927320214575e-01,1.144129487952756152e+00,-3.728623896208888011e-02,1.050473673328925495e+00,-1.001068295752221893e+00,6.943547562956334795e-01,-8.337393366574815667e-01,2.763958107509555950e-01,1.369191015449803039e+00,-2.331050223353642870e-01,-7.728615840724052388e-01,-1.276360451371832294e+00,1.662028037775721279e-01,-4.073527117811434617e-02,-2.148053930151476720e-01,2.603191565411450692e-01,-8.853607455506123936e-01,9.036989416537888342e-01,-7.109582112944422549e-01,1.337257887671027545e-01,7.157444828171179996e-01,2.746799354075913357e-01,6.681614413315019041e-01,1.761308183079129397e-01,4.779696656514227371e-01,-4.768074161544517131e-01,-2.085223359600325566e-01,8.772224468861368196e-01,4.743418545901910699e-01,1.048782224336998192e-01,5.028360394991310267e-02,-2.326913993390365420e-01,1.418274111289819395e+00,8.195424857497592974e-01,-1.152125519697670963e+00,1.030499012868687947e+00,8.357021282035108009e-03,4.122699332155659313e-01,1.345596956934234645e-01
5.150054056818101356e-02,-4.796516334417216809e-01,1.102587385267216114e+00,-1.969029207312177898e-01,-1.737175641118748337e-01,5.602840203621362036e-01,-2.982012657675587874e-01,-6.523559624237624810e-01,-6.130427573121294271e-01,-2.322062957262421290e-01,5.228688593532996309e-01,-1.212391679176347270e-01,1.982145602871738521e-01,1.399921699116480345e-01,2.374308040932479325e-01,2.127581626183417396e-01,3.658278936667633263e-01,1.599103255433784176e-01,1.859106530550857506e-01,3.315588913211486299e-01,-3.354615875443741069e-01,-5.076182731579527152e-01,-7.353570567093276056e-01,-3.716688990825997574e-01,6.077212299908999471e-01,-6.669122089170317347e-01,7.185883504916388276e-01,-1.000649703668849089e+00,9.608431682674626328e-01,-1.187011527845198977e-01,1.861883017966658560e+00,3.958624092933264449e-01,-8.794470370339374510e-02,-2.129366073591804076e-01,2.140892245846836683e+00,-2.300943298182076269e-01,-1.803565400874948543e-01,-2.259568770804221138e-01,2.092453804044203669e-01,-1.856067638681782594e-01,1.411765319147328945e-02,-3.278271401258303630e-01,1.464227426567179385e-02,1.877096071599690108e-01,-1.780970126822876975e-01,7.672483877382979545e-02,-6.552205993370395776e-01,-3.326756674084339060e-01,3.923728836994960778e-01,-5.840928106173747247e-01,8.510375338382593080e-01,7.553995091997867117e-02,1.511875036544598094e+00,4.087996193624319763e-01,4.585346553318225826e-01,5.448957662832237814e-02,3.609165006756188954e-02
-1.024953493166408602e+00,-8.282116327076312068e-01,-1.931346327692707199e+00,7.347916224502981652e-02,-1.288604424124480952e+00,2.063947074792056857e-01,-6.595471299354246364e-01,-7.825451228104565171e-01,-1.506741071365580886e+00,8.422934338628038087e-02,-1.212391679176347270e-01,1.703942451720436013e-01,-6.255402563939532756e-01,1.504360297802914914e+00,-5.095620780424238438e-02,-3.483140950856425944e-01,-2.748406061832392444e-01,5.909937999858400071e-01,1.110320380128380524e+00,4.003970266300491132e-02,3.170333498582144083e-01,6.978160993183839533e-01,-1.444285972786977235e-01,7.886146319976368169e-01,-5.676941685661900383e-01,-6.939564468052112911e-01,-5.597889356547474694e-03,1.377004668173453128e+00,-3.476741621424002671e-01,-1.857973717186777729e-01,3.757135848638409326e-01,1.747976160058599904e+00,-1.220933400093625054e-01,-4.584508503955830351e-03,8.908818922467879320e-01,1.580647054745844549e-01,1.246399205009253164e-01,4.188985197008625039e-01,6.729129311769821431e-01,3.657395978548527160e-01,-3.793521006361674219e-01,5.869589954009071242e-01,1.574759482227411800e+00,-1.017706424573578072e+00,-6.895788705220851078e-01,1.072027175175111202e-01,-3.814199506138212792e-01,8.329493928349784859e-01,-1.082510612610670719e+00,-2.148343117654477330e-01,8.235815560752940412e-01,4.410322577952838774e-01,-1.980263278689382567e-01,-2.070364463023960100e-01,-1.073179889933639997e+00,5.098680218499019867e-01,-6.590626163898262169e-01
-1.895602667054715751e-01,-3.973451842780927890e-01,9.619221302766767234e-02,7.372057070247811650e-01,5.942454280162038360e-01,-1.235521046763493391e+00,-5.428234951128404484e-01,1.162343976265309387e+00,-4.797702632114446142e-01,5.357738013824150380e-01,1.982145602871738521e-01,-6.255402563939532756e-01,1.026947738159637691e+00,-7.827253677367872198e-02,-3.317007611985992033e-01,1.040734745793929772e+00,-5.308834897282038723e-01,4.910302712038627226e-01,4.679131062528368856e-01,-2.154331678985120790e-01,1.501051177470727471e-01,9.543303585240775488e-01,5.098733053083310818e-01,-6.743225557707795970e-01,-8.096531214397795218e-01,1.040357732917150280e+00,2.992702229924823487e-02,1.697717156527149274e-01,9.603464502966422289e-01,-3.861528578971937797e-01,-2.386767672528398998e-01,-2.467336564441630908e-01,1.557466987364798605e+00,1.119867814786994265e+00,-5.504689684673951255e-01,1.406837893872379119e-01,1.719225508747908915e+00,-1.261509780429825867e-01,1.589085279979534082e+00,-6.536310445842222761e-01,-7.457735190099523681e-01,1.730034667721843944e-01,-1.151337266511329865e-01,1.172920942961411250e-01,7.423228958012547674e-01,1.485340353610153374e-01,4.507589436946216749e-02,1.248929156316348932e+00,8.898649959132880483e-01,4.894134700574435670e-01,-3.731494511100711953e-01,4.401771998191773005e-01,7.233801865292556199e-01,8.080671160669640196e-01,7.373945422721864262e-02,9.428846736542569884e-01,-1.108919552244893858e-01
-2.411140885355068375e-01,-1.715542124137972302e-01,6.020967683440490159e-01,5.617952713482428084e-01,-2.274353001551012166e-01,-2.814703167621559476e-01,-3.037762933998510717e-01,3.645913630532298666e-01,4.064958414905023854e-01,6.166609967963774253e-01,1.399921699116480345e-01,1.504360297802914914e+00,-7.827253677367872198e-02,5.757703082501956782e-02,-8.488300777146960963e-01,-3.813716832544550295e-01,2.633767212605951369e-01,8.813906515481809700e-01,-9.311353662814697563e-01,-9.404367322756777003e-01,-4.788342560716880580e-01,1.172922188535946653e+00,8.533464280426800164e-01,2.103392952187228992e+00,-1.943242498067356272e-01,2.484901957195267963e-02,-4.536759135598388282e-01,5.181783795365231260e-01,1.657556498137641166e-02,8.000825917068052906e-01,-1.002096103045768238e+00,-1.443512922902412399e-02,9.030707633764583075e-01,-5.178301044434495681e-01,-2.484398001052958160e-01,-8.374686833059380442e-02,-8.793879887691494757e-01,3.656595435181774212e-01,2.741788465139240460e-01,-2.627126467018477407e-01,4.208470972387733933e-01,3.987770837326050644e-01,-5.619332272184665023e-01,1.358314433806501409e+00,-2.911199087580665368e-02,7.685169209652328304e-01,-2.114915193715646291e-01,1.933279842963153044e-03,3.006473730514852560e-02,-8.858949600494390175e-01,-1.309409661629083732e-01,9.292924346322943840e-01,-1.473454752598524764e-01,2.123946990357682418e-01,-8.679254449787402459e-01,-6.379375515194184443e-01,4.583281919532521953e-01
-9.836428061299119507e-01,3.433684227303521186e-01,-6.443345742225085049e-01,-2.080146516661110501e-01,8.585323165403536683e-01,-7.555447633731969814e-01,-5.038426481420402170e-02,-2.062791513841580882e-01,-9.464524068602298001e-01,3.520398728886778295e-01,2.374308040932479325e-01,-5.095620780424238438e-02,-3.317007611985992033e-01,-8.488300777146960963e-01,2.055504263896665851e+00,-2.004606957785570742e-02,8.058402074759334344e-01,-5.279775951906034992e-01,2.119912825717486238e-01,1.468664867785828346e-02,-1.537183698889503514e-01,9.333967087718473277e-01,-2.519056458616833472e-01,6.511103761008963930e-01,-4.572815892640819668e-01,7.485872203529354840e-02,3.355253515594844305e-01,5.994037588860544608e-01,2.048843346932878173e-01,9.186036022679693325e-01,5.640964151101576229e-01,2.207731131864376639e-02,1.079550206395972989e+00,-9.481480659454122328e-01,1.894633741282491235e-01,1.074097756297758943e+00,-5.217982803116129054e-01,-1.046046258653663852e+00,5.858510658895359491e-01,8.100249697006575156e-01,4.465456905602376292e-01,-1.653564078089287293e+00,-5.090887415872723532e-01,1.060316758610328813e+00,-8.880834122533139974e-01,-4.519867330383929849e-01,9.769112444496222958e-01,-4.424431224257520667e-01,-7.381028945107706019e-01,2.958275749417307865e-01,-5.461124652008146896e-01,-4.376983745220844879e-01,1.567229336463305422e+00,-1.007751333511224701e+00,-7.869066256653909353e-01,3.556394075127350951e-01,-1.569249607049597595e+00
9.332949950414592966e-01,-2.163931867790507835e-01,4.591777356201965921e-01,2.512063144077126831e-01,7.974741891420930040e-01,8.830276498784798145e-01,-3.028689910133562369e-01,6.101171959116180599e-01,2.224522698165570800e-01,1.745551967635877721e-01,2.127581626183417396e-01,-3.483140950856425944e-01,1.040734745793929772e+00,-3.813716832544550295e-01,-2.004606957785570742e-02,1.918495867539116162e+00,5.859037999452433310e-01,1.949736069111118741e-01,4.749191548259731888e-01,-2.784731052760627823e-01,-1.275868837883163964e-01,-3.683145401364484872e-01,-6.829020965543484457e-03,-8.804948511679709655e-02,-1.341901534462179302e-01,-9.686844296621042183e-01,-8.814963262573637381e-01,-2.309055691599867510e-01,8.919156163194186249e-01,6.977651910003170865e-01,-4.527208626258676927e-01,7.745689449788042413e-01,3.070131815971463562e-01,-1.027708630106336951e+00,7.602207088516033107e-02,4.628476573653478865e-01,4.765848903500002898e-01,3.830936562793744726e-01,4.074784659390778829e-01,-2.594590675735573559e-01,-1.594467721214223033e-01,6.790098618885346271e-01,5.554422093089700363e-01,-9.610007446792372121e-02,5.446535922595009405e-01,-3.638820331308600942e-02,4.169592987163845549e-02,3.940259009991699535e-01,5.040874581721725978e-01,1.217482564505333320e+00,-5.584546497894905537e-01,1.745447144356999658e-01,1.070169950557888106e+00,5.161727869978544048e-01,5.599471258368472482e-01,-8.360768356545643654e-01,1.065197489153522969e+00
-4.431992888224153826e-01,4.089756195376210712e-01,2.551266853691858127e-02,4.536438139701152727e-01,6.226728307642143134e-01,1.944108879851250138e-01,7.383377839273980170e-01,-5.025692414681081077e-01,9.040350561236601967e-01,-1.815086216184530477e-01,3.658278936667633263e-01,-2.748406061832392444e-01,-5.308834897282038723e-01,2.633767212605951369e-01,8.058402074759334344e-01,5.859037999452433310e-01,-1.563035323714337954e-01,3.862973765465065323e-01,-4.875036342700207470e-01,2.363044121276071663e-01,-7.900547119697783061e-02,4.185528436531426588e-01,-2.500504571565703715e-01,-3.245554694877061941e-02,4.634149303006926401e-01,6.637040303133215913e-01,2.680898012847335310e-02,-5.573093661285138944e-01,-1.108579325330210530e+00,-9.962879524421925925e-01,8.565429869956339148e-01,-7.464737577759712472e-01,-8.566671173771039927e-01,1.039713188065357174e+00,8.301479194322803901e-01,8.571423694874974464e-01,-1.183267558465420866e+00,-4.213376259380466893e-01,-7.101146122552333129e-01,4.037394138320714587e-01,1.265904088439957054e+00,5.072285221957882895e-01,-7.156117865057432838e-03,-7.992473452199149175e-01,-6.784498841570418826e-01,1.919815954155349003e+00,-4.229592197060544345e-02,5.961151680538140374e-02,5.726602408485793605e-01,1.132680693896775059e+00,1.866276699929563243e-01,-1.282054711694363691e-02,7.513180851179018793e-02,1.880049967989805504e+00,1.079492012942821350e-01,3.206474454590902967e-01,1.188229685798975810e+00
9.604618996527453101e-01,7.820880019556019080e-01,1.436713717874032459e-01,4.801516418442854373e-01,6.674350473147794283e-02,-4.257667791482794839e-01,-1.460994802743311172e-01,-1.490329629042615789e+00,-6.672521630082693944e-01,1.683670220617409785e-01,1.599103255433784176e-01,5.909937999858400071e-01,4.910302712038627226e-01,8.813906515481809700e-01,-5.279775951906034992e-01,1.949736069111118741e-01,3.862973765465065323e-01,1.440122333866840076e-01,1.066709011581466138e+00,3.478932544613331235e-01,6.750624382484559094e-01,4.024479237789831410e-01,-2.885679352473466408e-01,1.286559333206747646e-01,1.142407532150040428e-01,-9.999151788714853994e-01,-7.675289934675221248e-01,1.288042522394471145e+00,-3.674277948788193249e-01,1.220291442324052289e+00,-3.354295311031363913e-01,7.382582581194273574e-01,4.254904572648600669e-01,-5.213096869797715360e-01,-7.486304103859586778e-01,-1.268370956427684049e-01,-3.703048932338086352e-02,1.413976467683939198e-01,-3.622854242213895959e-01,6.011486027314069114e-01,-6.784445593347889769e-01,8.398335366508848931e-01,-3.494482684119143978e-01,-2.712949356444879778e-01,3.029904167714791430e-01,4.875000195833717465e-01,-1.273112547794805094e+00,-6.814345799274823534e-01,-6.884136743596225294e-01,6.278393652016043269e-01,-1.667989893689083125e+00,4.047013736760490255e-01,-3.346513853389332382e-01,2.204662790493832313e-03,-7.392611283761504337e-01,1.556309236489892722e+00,1.130848250146345435e-01
4.482304375968805821e-01,9.248886724032389095e-01,-9.066290060044047694e-01,3.683632518008094214e-01,-9.266105968436141316e-01,7.613769895737073634e-01,1.177208765179987198e-03,8.618343577001392752e-01,-9.757831076659023717e-01,-1.057296927320214575e-01,1.859106530550857506e-01,1.110320380128380524e+00,4.679131062528368856e-01,-9.311353662814697563e-01,2.119912825717486238e-01,4.749191548259731888e-01,-4.875036342700207470e-01,1.066709011581466138e+00,9.461732346365647750e-01,1.180188350014678700e-01,-6.613967190903441429e-02,3.053749832947083021e-01,-3.352445809862690251e-01,8.875652181184767731e-02,-3.474227359614931454e-01,1.154722242450428427e+00,1.009257699862267654e-01,7.946772990310090046e-02,8.147160233017790576e-01,-4.226138137025602370e-01,6.329265001428657778e-01,-8.891669012760772262e-01,-3.104056298358162103e-01,2.047540272961402563e-01,8.938888298869068771e-02,1.058244897179724919e+00,6.141597148972227638e-02,1.469128144313500139e-01,-6.094077552384188357e-01,-4.509753210955922964e-01,-5.230843116313828034e-01,3.207631629502964432e-01,5.507242867472487147e-01,-1.687073323531982583e+00,-3.537691149479791908e-01,2.807532873894407199e-01,1.387454811499191143e+00,-5.304337025648514503e-01,8.989352920200929242e-01,1.918688430926582256e-01,-3.572561464357504879e-01,3.674870991037291201e-01,-2.131243558491188461e-01,1.595752914937905276e+00,1.936558441059245683e-01,-6.101320308859730090e-01,-5.753819621854320276e-01
8.009262782971092731e-01,5.911293901004859297e-01,2.603168501080245778e-01,-9.300205808846947475e-01,-5.645973569599355146e-02,-2.903008631800573780e-01,3.072157909798749476e-01,6.260602878930031645e-01,-8.484892293161400145e-02,1.144129487952756152e+00,3.315588913211486299e-01,4.003970266300491132e-02,-2.154331678985120790e-01,-9.404367322756777003e-01,1.468664867785828346e-02,-2.784731052760627823e-01,2.363044121276071663e-01,3.478932544613331235e-01,1.180188350014678700e-01,-1.169693368423333935e+00,-1.875722167027960019e-02,5.518348802132786446e-01,-5.537446846717375415e-01,4.019776402136877036e-01,-8.366878875243738412e-01,2.733145798103313040e-01,-9.681351526308347166e-01,-9.591026585423972906e-02,-8.794783508516156312e-01,5.083348096830331286e-01,-9.193804903029509923e-01,-3.214679266984585282e-01,-4.102682920643914710e-01,-1.244890544843706426e+00,-1.700705946631548171e+00,8.731476737473459204e-02,-1.771601727043165264e-01,3.199340831180507404e-03,-1.190328804319399580e+00,1.535689630989054977e-01,-9.423828850036963800e-01,-1.370055585428585077e-01,-7.501200614359112562e-01,8.233487859082692095e-01,5.993345156767547754e-01,-6.477983213534835860e-01,1.464217152910761932e+00,6.869140295262341489e-01,-5.063672745958307519e-01,-1.836161627738895907e-01,5.242760062717342073e-01,1.211515656381455974e+00,2.535739386240463689e-01,5.519258527390372704e-01,-6.562225360759706971e-01,5.836282425240563176e-01,9.121048671221557713e-01
-1.411282270000592531e-01,-1.303555862606008864e+00,-4.860716166662803484e-01,-2.560357235661055442e-01,2.837392501442480008e-01,9.620624051250482867e-02,-1.512675731534280921e+00,-6.055622467504157003e-02,5.301481730448794893e-01,-3.728623896208888011e-02,-3.354615875443741069e-01,3.170333498582144083e-01,1.501051177470727471e-01,-4.788342560716880580e-01,-1.537183698889503514e-01,-1.275868837883163964e-01,-7.900547119697783061e-02,6.750624382484559094e-01,-6.613967190903441429e-02,-1.875722167027960019e-02,2.326799262944979407e+00,1.042626716011373800e+00,3.295812089121775146e-01,-1.768696453478047492e-01,-6.652584163146096907e-01,-4.770199662264436591e-01,1.668648812333667353e-02,9.864379684219071187e-01,-3.909371813955180297e-01,7.507007903690640083e-01,-7.808175331124208585e-01,-3.937613666228966802e-01,-3.912968120731927790e-01,-9.512169955685821909e-01,1.615808263609585849e+00,5.603308605485142202e-01,2.706857511590581855e-01,-3.207497697585363627e-01,6.186456188344366391e-02,6.674372270264578022e-01,-6.095574407598628452e-01,-2.465465930497317548e-01,3.416518929312427622e-01,4.332556883896901967e-01,-5.623610650600299188e-01,5.501894817536437943e-01,-1.141341323207879732e+00,-1.363181049315681070e+00,-4.319890225154874863e-01,-1.001118308627422016e+00,6.603233039947604688e-01,-7.259431486302360126e-01,1.441177128854253531e-01,1.353516944270356293e+00,-9.664714194727818120e-01,1.436336584937034644e+00,1.998006238203362504e-03
1.088803314586409776e+00,-2.567410059910743558e-01,-1.662102017102242146e-01,-6.890488962165132181e-01,-8.964514636103205758e-01,-6.831859381510337892e-01,5.861120831298929357e-01,1.198347729338323120e+00,1.164089439839985030e+00,1.050473673328925495e+00,-5.076182731579527152e-01,6.978160993183839533e-01,9.543303585240775488e-01,1.172922188535946653e+00,9.333967087718473277e-01,-3.683145401364484872e-01,4.185528436531426588e-01,4.024479237789831410e-01,3.053749832947083021e-01,5.518348802132786446e-01,1.042626716011373800e+00,1.487510527351112888e+00,3.477389572175086374e-01,-6.885726989455391855e-01,4.176721385571226519e-01,-1.050949195118370039e+00,-3.105446092414714254e-01,-4.979534577789569427e-01,-7.816100110719516048e-01,-5.860993934938029115e-01,3.564398554159725618e-01,1.834184345674954697e+00,9.062079634971625941e-01,7.046925446505196700e-01,-2.053543967855669283e+00,-2.804753642149395709e-01,-1.272559804145831031e+00,3.767122643950612804e-02,-1.774118006114578094e-01,9.878624849323198731e-01,1.041616538205634823e+00,-8.110901028158029602e-01,7.807458353405966056e-01,4.797757960527558319e-01,-2.254472513706144987e-01,4.525548276087192900e-01,-8.477683085933913620e-01,-8.647220003498495844e-02,-1.338198260045797006e-01,1.066161158214501192e+00,-5.930355542824561343e-01,7.189407812054526836e-01,4.506705700693190431e-01,-2.560995755255284778e-01,4.272829586063265350e-01,-2.417809818018339940e-01,1.291395060726665989e+00
1.647999667624036491e+00,-7.007920890810847014e-01,8.917723216933627350e-01,7.086358614484461471e-01,6.999426023426391641e-01,1.959367944913875115e-01,-1.473622033382295360e+00,2.695042937630686142e-01,-8.105067221863273552e-01,-1.001068295752221893e+00,-7.353570567093276056e-01,-1.444285972786977235e-01,5.098733053083310818e-01,8.533464280426800164e-01,-2.519056458616833472e-01,-6.829020965543484457e-03,-2.500504571565703715e-01,-2.885679352473466408e-01,-3.352445809862690251e-01,-5.537446846717375415e-01,3.295812089121775146e-01,3.477389572175086374e-01,-3.066044977825400086e-01,5.967733165278368279e-01,1.093854244748428683e-01,1.594273797990924946e+00,-1.306890060957249800e+00,-4.434162267971152316e-01,1.678898970282448833e+00,-1.342148029527925612e-01,8.254416212295092592e-01,-1.397145348592173431e+00,-3.370026857724247038e-01,-7.090136920221731254e-01,4.569711396921907753e-01,4.395545910136020584e-01,-4.347307394397194602e-01,1.224157992898192049e+00,1.541421420997119429e-01,-5.641266890318169525e-02,9.973302815813195332e-02,-3.617198342879279216e-01,1.577236172120157487e-01,1.223487836590158695e+00,-1.497621214323146543e-01,7.220327826669209470e-02,3.072067738204145027e-01,-1.183603531161964373e+00,6.762733814656086695e-01,3.118698878480436476e-01,3.859523948967583107e-01,-1.782115974424250737e+00,-7.677394654551847886e-01,4.560619266325445786e-01,-1.494836182202824992e-01,2.144807696740504532e+00,-8.946003469843722966e-01
-5.920961630566531353e-01,3.454487711777600167e-01,8.446171700721926134e-01,1.215932848836544511e-01,-9.761797512686266609e-01,-3.133476134843961591e-01,-5.319123027260824754e-01,-9.303807285053066201e-01,2.755893888527607971e-01,6.943547562956334795e-01,-3.716688990825997574e-01,7.886146319976368169e-01,-6.743225557707795970e-01,2.103392952187228992e+00,6.511103761008963930e-01,-8.804948511679709655e-02,-3.245554694877061941e-02,1.286559333206747646e-01,8.875652181184767731e-02,4.019776402136877036e-01,-1.768696453478047492e-01,-6.885726989455391855e-01,5.967733165278368279e-01,-3.580339855389969884e-03,-6.601115327750971540e-01,-6.752360646778788889e-01,-2.169583226056020775e-01,-1.014170661826625741e+00,3.784469987204940877e-01,-8.660110840711862101e-01,1.314342912736607971e-01,-1.180697223554183078e-01,5.803511919257604568e-01,-1.947469913294351818e-01,-8.514105111811868243e-01,9.838581749399104570e-01,2.641467397559289498e-01,6.944935016788146287e-01,3.810249952638197768e-01,-8.452262846874970537e-01,-6.253660596640192582e-02,-3.744346942424030544e-01,-4.539527339506988501e-01,-3.000170901685492164e-01,3.159204914092595406e-01,8.746187201416946166e-01,-2.182009905310358100e-01,-4.325854081798263806e-02,5.066178109638610483e-01,5.349691895401248454e-01,6.463139494986130940e-01,4.741366631364383188e-01,5.727217329059606232e-01,1.278226137169853116e+00,1.711558735302435019e-01,2.123825862701502754e+00,4.608688205335296773e-01
-1.315970980110136690e+00,2.957225699543913344e-01,1.291830218821708454e-01,-1.794795627494082613e+00,2.062689954238956513e+00,1.042648481972918484e+00,9.198613455955397811e-01,-7.227748991722305894e-01,-5.792159753286344470e-01,-8.337393366574815667e-01,6.077212299908999471e-01,-5.676941685661900383e-01,-8.096531214397795218e-01,-1.943242498067356272e-01,-4.572815892640819668e-01,-1.341901534462179302e-01,4.634149303006926401e-01,1.142407532150040428e-01,-3.474227359614931454e-01,-8.366878875243738412e-01,-6.652584163146096907e-01,4.176721385571226519e-01,1.093854244748428683e-01,-6.601115327750971540e-01,-1.002452082784169640e+00,-6.904491753747414862e-01,1.627059336412674528e-01,1.737124380320151484e+00,-6.776717007961070571e-01,2.043558991715466455e-01,-4.697939918254672720e-01,-1.342709382276099817e+00,-1.685651656010464183e+00,-1.042876001073533843e+00,4.799738513037427601e-01,-5.488120452017389850e-01,-5.926258462884135270e-01,9.087025529841177285e-01,2.261253676209093455e-01,-2.604867275321259279e-01,-4.268235808807480103e-02,2.497090239438797266e-01,-1.619281513704430853e-01,-9.563061684848916943e-02,1.901528381481172592e-01,5.496487964960665717e-01,2.855977116051983816e-02,-5.442694939909581420e-01,1.024485088492526064e+00,2.318982145020987318e+00,-3.402027964524545478e-01,-8.064873138265246100e-01,-1.161190216159181610e+00,-1.757002068239635340e-02,3.788563135723397868e-01,-1.198672192635509948e+00,-1.191264859837656842e-01
9.988478316441504745e-01,5.934787498720625054e-01,9.590626299426028289e-01,7.112634459716359325e-01,-3.835950049652922522e-01,-6.640389833796791486e-01,6.656399815164562028e-01,1.194266862750974489e+00,6.020634748267250647e-01,2.763958107509555950e-01,-6.669122089170317347e-01,-6.939564468052112911e-01,1.040357732917150280e+00,2.484901957195267963e-02,7.485872203529354840e-02,-9.686844296621042183e-01,6.637040303133215913e-01,-9.999151788714853994e-01,1.154722242450428427e+00,2.733145798103313040e-01,-4.770199662264436591e-01,-1.050949195118370039e+00,1.594273797990924946e+00,-6.752360646778788889e-01,-6.904491753747414862e-01,2.969736717439233620e-01,-1.136932004221372638e-01,4.828877972347698222e-01,3.951868539283733273e-01,-7.420230718704894368e-01,5.013061771018957335e-01,-8.749164953252382970e-01,5.453687582437399817e-01,9.654431700212909861e-01,5.164287835949908922e-01,-3.393502576782647107e-01,-5.709759180852608251e-01,-9.969979117287283144e-01,-4.373449443879448562e-01,3.032009137840749879e-01,1.148913248988107760e+00,1.130133450442970977e+00,-4.680022886735626941e-01,-3.046597325118817756e-01,4.558430220086867601e-02,-4.766403350717653420e-01,2.843972376760406720e-02,-1.067799190833291334e+00,3.749496158891371667e-01,1.122863599435385273e-01,1.252520590011328760e+00,-4.531053777888619516e-01,4.652760286668630729e-01,-4.585294960369729056e-01,1.688446538021151300e+00,-7.236164451784148355e-01,1.740196862722829696e+00
1.048081751996084776e+00,9.662655689771462164e-01,1.882751057500790109e-02,7.572042190903682801e-01,7.972849807349341456e-02,3.056977515234755027e-01,6.200444666896095525e-01,-1.901548292201353130e+00,-9.539507579995104569e-02,1.369191015449803039e+00,7.185883504916388276e-01,-5.597889356547474694e-03,2.992702229924823487e-02,-4.536759135598388282e-01,3.355253515594844305e-01,-8.814963262573637381e-01,2.680898012847335310e-02,-7.675289934675221248e-01,1.009257699862267654e-01,-9.681351526308347166e-01,1.668648812333667353e-02,-3.105446092414714254e-01,-1.306890060957249800e+00,-2.169583226056020775e-01,1.627059336412674528e-01,-1.136932004221372638e-01,-1.725660293537493839e+00,-4.721609706579033006e-01,1.583792862365363652e+00,-8.630410276046703022e-02,-1.948135714355624160e+00,-6.402315874440305254e-01,-7.825093098535761404e-01,-2.844430190835613437e-01,1.354656075486313227e-01,-5.726950311709385621e-01,2.474045504000529638e-01,7.884934280503926862e-01,-1.375946359307836486e+00,-3.628872920923721934e-01,2.996138768927428253e-01,-3.947088819387199222e-03,3.213337627516971717e-01,-3.364135321474838736e-01,4.764324794824200127e-01,1.882410828569773265e-01,4.678325153945981363e-01,2.579823631845352128e-01,4.650172221318627508e-01,-3.784373025790299661e-02,1.770609479992239221e-01,-3.635106300323677209e-01,-1.086983199594808491e+00,3.892900907295862578e-01,-5.669168284087998666e-01,-3.241890608150689301e-01,5.145762889392552220e-01
-1.456368461978447604e+00,-1.692448711861562760e-01,-1.232633737420881337e+00,-4.718019927127078961e-01,-9.157436353150878450e-01,-5.906249090794251089e-01,-1.572048318261777267e-01,-7.450005047074692577e-02,-9.396883943775685699e-02,-2.331050223353642870e-01,-1.000649703668849089e+00,1.377004668173453128e+00,1.697717156527149274e-01,5.181783795365231260e-01,5.994037588860544608e-01,-2.309055691599867510e-01,-5.573093661285138944e-01,1.288042522394471145e+00,7.946772990310090046e-02,-9.591026585423972906e-02,9.864379684219071187e-01,-4.979534577789569427e-01,-4.434162267971152316e-01,-1.014170661826625741e+00,1.737124380320151484e+00,4.828877972347698222e-01,-4.721609706579033006e-01,3.533240632069412634e-01,-7.009960606847099873e-01,-1.280316467847028294e-01,7.077794626578023385e-01,-6.438912959365711286e-01,2.723967648893261262e-01,7.418404908600164660e-01,6.136978454928966320e-01,4.364733029154538313e-01,-1.062536170292256665e+00,9.654750932799560648e-02,2.670409593292826234e-01,-8.263007475584595030e-01,-2.803408322012861387e-01,-3.054574888055640036e-01,2.040034187095886020e-01,3.116393186902461365e-01,3.955987623032167222e-01,-2.606923104572109184e-01,-1.032682248085549537e+00,-8.766173007257798133e-01,1.962892688287201370e-01,-2.356325856785773665e-02,-3.703698905602004210e-01,-3.892535053226339192e-01,-5.149776706318258679e-01,-1.149467763446706092e+00,-5.801768648500160719e-02,-7.466572885796900483e-01,1.002878065104118699e+00
1.422525660211730880e+00,-6.736577060925329485e-01,1.527578367451155605e-01,4.016015344610476268e-01,-1.420344335043158379e+00,-9.450162439267875691e-02,-4.190771601235018795e-02,-1.189173810027352340e+00,-5.307650258117355691e-01,-7.728615840724052388e-01,9.608431682674626328e-01,-3.476741621424002671e-01,9.603464502966422289e-01,1.657556498137641166e-02,2.048843346932878173e-01,8.919156163194186249e-01,-1.108579325330210530e+00,-3.674277948788193249e-01,8.147160233017790576e-01,-8.794783508516156312e-01,-3.909371813955180297e-01,-7.816100110719516048e-01,1.678898970282448833e+00,3.784469987204940877e-01,-6.776717007961070571e-01,3.951868539283733273e-01,1.583792862365363652e+00,-7.009960606847099873e-01,9.713890222855070533e-03,5.588159079562043940e-01,-1.640709511882417204e-01,-1.182577179849312765e+00,7.515198544391288316e-01,-3.445908283267667405e-01,9.060817907382370806e-02,1.515866342138971756e-01,-4.320280723098069986e-01,2.491136610047174904e-01,2.816526484496090221e-02,1.045988538574155413e+00,1.772791389484112967e-01,5.607743517243989340e-01,8.506645113790903823e-01,5.404336538876972629e-01,9.309386481528206247e-02,-8.764994780042913158e-02,-1.972137825687041157e-01,-1.178417468870246232e+00,9.014109808850373495e-02,5.607007546962233802e-01,-1.657687312331054819e-01,-1.425003987045640186e-01,-2.039475238291779124e-01,4.942079613833914586e-01,-6.812763903076886063e-01,-4.725764612117304697e-01,-9.189513517004752052e-02
6.500233974359667100e-01,-3.011427331249171835e-01,2.839460711671510929e-01,-1.912793232393208420e-01,-9.297015837409514649e-01,-1.118696932053551363e+00,1.023129658056372016e+00,-4.773024149438694352e-01,-2.365355416950443990e-01,-1.276360451371832294e+00,-1.187011527845198977e-01,-1.857973717186777729e-01,-3.861528578971937797e-01,8.000825917068052906e-01,9.186036022679693325e-01,6.977651910003170865e-01,-9.962879524421925925e-01,1.220291442324052289e+00,-4.226138137025602370e-01,5.083348096830331286e-01,7.507007903690640083e-01,-5.860993934938029115e-01,-1.342148029527925612e-01,-8.660110840711862101e-01,2.043558991715466455e-01,-7.420230718704894368e-01,-8.630410276046703022e-02,-1.280316467847028294e-01,5.588159079562043940e-01,-9.232286268095087900e-01,4.222537156746506426e-01,-8.987327967591659528e-01,5.020140133421496786e-01,-2.154223374538903890e-01,3.101265318220446932e-01,9.242791090029923995e-02,5.683354598442535988e-01,7.171720290246214047e-02,-6.420563660098642655e-01,3.286551521544248677e-01,-6.374835817623885070e-01,-1.463541318884124198e+00,-1.869084523596848124e-01,-7.886908791594960944e-01,3.993977472855573807e-01,-8.421326971846727627e-01,1.361060900538094920e+00,-1.494096342490473517e-01,2.009752619266295948e-01,-1.175160462756616564e+00,6.943823321009657823e-01,6.400320549247767721e-02,-8.761388032279744387e-01,-5.991949000245401225e-01,-2.981923002051519722e-01,-8.708774812751401972e-02,-3.865637299591635490e-01
8.947719405340401888e-01,-9.035233726332180249e-01,8.854516556572141761e-01,4.107222087956255430e-01,-5.825828793669459715e-01,7.646573660692265184e-01,-2.806476667460802710e-01,-6.818800850368801347e-01,2.098342460298600332e-01,1.662028037775721279e-01,1.861883017966658560e+00,3.757135848638409326e-01,-2.386767672528398998e-01,-1.002096103045768238e+00,5.640964151101576229e-01,-4.527208626258676927e-01,8.565429869956339148e-01,-3.354295311031363913e-01,6.329265001428657778e-01,-9.193804903029509923e-01,-7.808175331124208585e-01,3.564398554159725618e-01,8.254416212295092592e-01,1.314342912736607971e-01,-4.697939918254672720e-01,5.013061771018957335e-01,-1.948135714355624160e+00,7.077794626578023385e-01,-1.640709511882417204e-01,4.222537156746506426e-01,7.003323597535926481e-01,1.008103940348749894e-01,-1.157975821435514252e+00,-7.560057668471475978e-02,5.473941626364711155e-01,-2.976790997634617963e-01,1.569137368676033262e+00,5.868174541111636361e-02,3.980577506652354103e-01,-2.882512595898090169e-02,-1.157195066575335218e+00,-1.066636245565600216e+00,-4.226887557598596468e-01,-2.515221760269596429e-01,-5.853152520052234964e-02,-2.664233370280427726e-02,1.059590046988847734e+00,6.852092461216663377e-02,5.444961189385667533e-01,1.719938421554101371e-02,-2.317650477731763026e-01,4.323228882830745801e-01,6.553193172474193195e-01,-1.018728364329944513e+00,3.280161026128789459e-01,-1.801625932376551831e-01,1.073189439688565061e+00
1.481835737838382849e-02,4.451322349542372048e-02,-8.697954993059997530e-01,7.032518288035111143e-02,-4.523261555083031848e-01,1.211657248168665824e+00,-6.691933965579874855e-01,-3.182633095744053509e-01,-1.264488515844725214e+00,-4.073527117811434617e-02,3.958624092933264449e-01,1.747976160058599904e+00,-2.467336564441630908e-01,-1.443512922902412399e-02,2.207731131864376639e-02,7.745689449788042413e-01,-7.464737577759712472e-01,7.382582581194273574e-01,-8.891669012760772262e-01,-3.214679266984585282e-01,-3.937613666228966802e-01,1.834184345674954697e+00,-1.397145348592173431e+00,-1.180697223554183078e-01,-1.342709382276099817e+00,-8.749164953252382970e-01,-6.402315874440305254e-01,-6.438912959365711286e-01,-1.182577179849312765e+00,-8.987327967591659528e-01,1.008103940348749894e-01,7.084318367484463419e-01,2.471895166057783144e-01,-1.801396489617939523e+00,1.068707085524923106e-01,1.244545926708609418e+00,9.914689405064694983e-01,-8.602333582637332332e-02,7.973603242677658187e-01,5.663478653769234983e-01,-8.310647500520943476e-01,-5.460186952545047490e-01,8.724705542440985839e-01,4.967164167566875954e-01,-4.382967372027459230e-01,-4.367611921748505432e-01,-2.674636719860506440e-01,9.481742353827841141e-01,-2.897445354482250934e-01,-2.310026033437793669e-01,-7.016148755539356463e-01,1.571410911461401216e+00,1.983228559264665902e-01,8.177113851834093561e-01,7.283252677835017064e-01,-9.401840903381327719e-01,-3.382368300922528603e-01
4.753565816535180732e-01,-1.155342189978618261e+00,2.923438825246274519e-02,1.780109186026305190e-01,-7.549631312604941635e-02,-7.986146833506583276e-01,-1.065813161396025999e+00,1.098641381280671125e-01,-2.157327637381802055e-01,-2.148053930151476720e-01,-8.794470370339374510e-02,-1.220933400093625054e-01,1.557466987364798605e+00,9.030707633764583075e-01,1.079550206395972989e+00,3.070131815971463562e-01,-8.566671173771039927e-01,4.254904572648600669e-01,-3.104056298358162103e-01,-4.102682920643914710e-01,-3.912968120731927790e-01,9.062079634971625941e-01,-3.370026857724247038e-01,5.803511919257604568e-01,-1.685651656010464183e+00,5.453687582437399817e-01,-7.825093098535761404e-01,2.723967648893261262e-01,7.515198544391288316e-01,5.020140133421496786e-01,-1.157975821435514252e+00,2.471895166057783144e-01,4.299340269931073988e-01,7.011386990314810719e-02,7.916280692430176236e-02,-2.736161696451307468e-01,-7.591073560198232650e-01,3.134815055824775043e-01,3.156477851620130282e-01,6.472985734410227066e-01,-6.941150489374457999e-01,3.505721104839317204e-01,7.524918025739701921e-02,5.442571053802648384e-01,2.463745606288084422e-01,-9.438907340736694129e-01,-1.243861235737354409e+00,-5.520593564600951852e-01,-2.316260646574692383e-01,-3.135143444745998598e-01,-3.668193923126103484e-01,-1.314971874093328053e+00,-6.354919058856923764e-01,-2.454177485326292096e-02,-5.714972879855317878e-01,7.695810516545811275e-01,1.836384074422146018e+00
-1.192019619729012048e+00,-6.114700562453583288e-01,-4.167841005326268777e-01,5.896884662361624452e-01,1.092326854353433130e-01,-7.325059501786564953e-01,-3.820167247826416479e-01,1.086547266559329428e+00,-7.399156794312437002e-01,2.603191565411450692e-01,-2.129366073591804076e-01,-4.584508503955830351e-03,1.119867814786994265e+00,-5.178301044434495681e-01,-9.481480659454122328e-01,-1.027708630106336951e+00,1.039713188065357174e+00,-5.213096869797715360e-01,2.047540272961402563e-01,-1.244890544843706426e+00,-9.512169955685821909e-01,7.046925446505196700e-01,-7.090136920221731254e-01,-1.947469913294351818e-01,-1.042876001073533843e+00,9.654431700212909861e-01,-2.844430190835613437e-01,7.418404908600164660e-01,-3.445908283267667405e-01,-2.154223374538903890e-01,-7.560057668471475978e-02,-1.801396489617939523e+00,7.011386990314810719e-02,9.776181591490568090e-01,-4.241902353388464220e-01,1.388244514887765124e+00,1.348178366095221570e+00,-6.321480757534769790e-02,5.282584944684742823e-01,-3.776669155016418311e-01,-3.548131267958307689e-01,3.203203364171870460e-01,7.089262591884774034e-01,-9.864786669551540710e-01,1.529051047052414902e-01,-1.035845905147004142e+00,-6.021006288293334618e-01,-1.214592338050269671e+00,1.261199908271389614e+00,1.276845996550875162e+00,-4.092868475713787313e-01,8.269164380865473563e-01,-1.334025290975685007e-01,-4.064075399886212803e-01,-1.393981089192444234e-01,8.894983043823304070e-02,-1.507069862398732751e-01
-3.246365655861240818e-01,5.115382860475079507e-01,2.577041311185039874e-01,-9.236983135826005720e-01,-3.263405380226534480e-01,9.316721448960222363e-01,-1.975111707364751723e+00,9.403467171993369345e-01,4.945900236909185343e-01,-8.853607455506123936e-01,2.140892245846836683e+00,8.908818922467879320e-01,-5.504689684673951255e-01,-2.484398001052958160e-01,1.894633741282491235e-01,7.602207088516033107e-02,8.301479194322803901e-01,-7.486304103859586778e-01,8.938888298869068771e-02,-1.700705946631548171e+00,1.615808263609585849e+00,-2.053543967855669283e+00,4.569711396921907753e-01,-8.514105111811868243e-01,4.799738513037427601e-01,5.164287835949908922e-01,1.354656075486313227e-01,6.136978454928966320e-01,9.060817907382370806e-02,3.101265318220446932e-01,5.473941626364711155e-01,1.068707085524923106e-01,7.916280692430176236e-02,-4.241902353388464220e-01,1.475996016956985235e+00,-4.697254948498587046e-01,7.590551501446576310e-01,-3.069445877375636678e-01,7.336080894967705011e-03,1.026101342183839638e+00,-8.454648211623132514e-01,-1.034542913650887019e+00,5.063659968151140722e-01,-2.575386113951106393e-01,1.045549309383251302e+00,-1.118005771989118324e+00,-5.270562942135003093e-01,-1.147848551388836857e-04,2.376956675411732722e-01,1.592538403452499751e-01,4.552269955019170866e-01,1.735666904587013226e-01,1.920186632756828438e-01,2.398258560859999888e-01,2.343447271458853343e-01,5.124657303223950633e-02,1.134045747694817363e-02
8.154815617167521236e-01,-7.884466338862037293e-01,-2.151326894387972921e-01,2.301756693562600820e+00,2.504273745628993741e-01,7.428447675572155129e-01,-1.993435813677447467e-03,-6.391334831290086393e-01,-7.630991206816000183e-01,9.036989416537888342e-01,-2.300943298182076269e-01,1.580647054745844549e-01,1.406837893872379119e-01,-8.374686833059380442e-02,1.074097756297758943e+00,4.628476573653478865e-01,8.571423694874974464e-01,-1.268370956427684049e-01,1.058244897179724919e+00,8.731476737473459204e-02,5.603308605485142202e-01,-2.804753642149395709e-01,4.395545910136020584e-01,9.838581749399104570e-01,-5.488120452017389850e-01,-3.393502576782647107e-01,-5.726950311709385621e-01,4.364733029154538313e-01,1.515866342138971756e-01,9.242791090029923995e-02,-2.976790997634617963e-01,1.244545926708609418e+00,-2.736161696451307468e-01,1.388244514887765124e+00,-4.697254948498587046e-01,-8.845256489536640343e-01,-3.638629050396519071e-01,-2.499134984477383026e-01,-6.911164751675533680e-01,2.484895216918420191e-02,9.998570032399225482e-01,7.457007141572621345e-01,-1.120538044526686816e+00,1.590449858218794255e-01,-8.312799973794412489e-01,-6.263456114064606117e-01,3.486971958505650782e-01,-9.209254718589111599e-01,2.117280306505042731e-02,1.299225789106722706e-02,1.194593691032953542e+00,9.445809028280274244e-01,8.450986052847080376e-01,5.731154079684653846e-01,-4.143466431663209160e-01,6.887254451455232518e-01,-1.864624735660366517e-01
2.171741921249251916e+00,-2.118187572007865782e-01,-1.123430360505923709e+00,2.614527455180620796e-01,4.519855177475310404e-01,-4.020182837315690039e-01,-8.818336320235744541e-01,3.454662668718926910e-01,1.104922247560312432e+00,-7.109582112944422549e-01,-1.803565400874948543e-01,1.246399205009253164e-01,1.719225508747908915e+00,-8.793879887691494757e-01,-5.217982803116129054e-01,4.765848903500002898e-01,-1.183267558465420866e+00,-3.703048932338086352e-02,6.141597148972227638e-02,-1.771601727043165264e-01,2.706857511590581855e-01,-1.272559804145831031e+00,-4.347307394397194602e-01,2.641467397559289498e-01,-5.926258462884135270e-01,-5.709759180852608251e-01,2.474045504000529638e-01,-1.062536170292256665e+00,-4.320280723098069986e-01,5.683354598442535988e-01,1.569137368676033262e+00,9.914689405064694983e-01,-7.591073560198232650e-01,1.348178366095221570e+00,7.590551501446576310e-01,-3.638629050396519071e-01,-2.097751846292612576e-01,1.496447963960559902e-01,5.110656765538518220e-02,1.151781959461501970e-01,8.998920868613766721e-01,-5.626271276297256652e-01,1.201842907288651896e-01,-3.936477197344839807e-01,3.864471398824464443e-01,2.748236809559248539e-01,-6.144029346918560286e-01,4.665474559912888841e-01,1.368969040031265516e+00,8.525478999830261584e-01,9.260293419064750120e-01,-5.138008117470580505e-01,1.322916385600914291e+00,-5.574057008629295096e-01,-3.196286908707878238e-01,4.466213918732814814e-01,-1.289115427718184659e+00
-4.334323925920952059e-01,9.679116335270486760e-01,1.597312699058483165e+00,-9.713442720531152430e-01,9.977566851211344678e-01,-1.648767278932476099e+00,-1.392038677697194693e+00,-4.906890444428381737e-01,8.892761328532734488e-01,1.337257887671027545e-01,-2.259568770804221138e-01,4.188985197008625039e-01,-1.261509780429825867e-01,3.656595435181774212e-01,-1.046046258653663852e+00,3.830936562793744726e-01,-4.213376259380466893e-01,1.413976467683939198e-01,1.469128144313500139e-01,3.199340831180507404e-03,-3.207497697585363627e-01,3.767122643950612804e-02,1.224157992898192049e+00,6.944935016788146287e-01,9.087025529841177285e-01,-9.969979117287283144e-01,7.884934280503926862e-01,9.654750932799560648e-02,2.491136610047174904e-01,7.171720290246214047e-02,5.868174541111636361e-02,-8.602333582637332332e-02,3.134815055824775043e-01,-6.321480757534769790e-02,-3.069445877375636678e-01,-2.499134984477383026e-01,1.496447963960559902e-01,1.882117335983947592e+00,-3.461556346455009203e-01,1.015701702169422571e+00,1.348873934993954693e+00,8.700497130204873919e-01,1.495383249571401452e-01,-4.294442156938650390e-01,4.486394825837208833e-01,-2.524713857532761563e-01,2.011573994915488717e-01,4.389971543274261145e-02,-8.939405536591756851e-01,-2.959835209117483434e-01,1.308576100734729630e-01,9.290076212791548160e-01,-4.575251608679030690e-01,-5.321852986577518818e-02,-9.897115130945114414e-01,-1.697587402945753166e+00,1.482438773849006131e+00
6.650975030976263858e-01,-4.902849567467030822e-01,-4.424942854960460248e-01,5.842223685882023121e-01,2.532826531358544631e-01,-5.089671176500754068e-01,-1.195919515646713394e-01,1.135418733760417132e-01,7.757148132179847444e-01,7.157444828171179996e-01,2.092453804044203669e-01,6.729129311769821431e-01,1.589085279979534082e+00,2.741788465139240460e-01,5.858510658895359491e-01,4.074784659390778829e-01,-7.101146122552333129e-01,-3.622854242213895959e-01,-6.094077552384188357e-01,-1.190328804319399580e+00,6.186456188344366391e-02,-1.774118006114578094e-01,1.541421420997119429e-01,3.810249952638197768e-01,2.261253676209093455e-01,-4.373449443879448562e-01,-1.375946359307836486e+00,2.670409593292826234e-01,2.816526484496090221e-02,-6.420563660098642655e-01,3.980577506652354103e-01,7.973603242677658187e-01,3.156477851620130282e-01,5.282584944684742823e-01,7.336080894967705011e-03,-6.911164751675533680e-01,5.110656765538518220e-02,-3.461556346455009203e-01,-7.113840672657593123e-01,-6.747540823849996761e-01,-6.405574245892481366e-01,4.876502829165322850e-01,-2.629352198245524797e-01,-1.059040661315170162e+00,5.816599219891559480e-01,7.183891308922404351e-01,-8.608762607436107883e-01,2.959264824423781803e-01,-2.920313968369908642e-02,-5.384788572195960965e-01,-5.576915910159500056e-01,2.387579098135180766e-01,9.316268964593004132e-01,1.238508151349048791e+00,-4.403801889660077240e-01,1.578511129902630816e-01,1.425602667642317467e+00
9.480740615951456229e-01,1.012120204755631914e+00,2.237880434767090532e-01,9.134767696540094795e-01,2.689510393390235898e-01,8.755775497214542957e-01,-3.004906186421763548e-01,-3.786407906358522403e-03,3.539996803700952710e-01,2.746799354075913357e-01,-1.856067638681782594e-01,3.657395978548527160e-01,-6.536310445842222761e-01,-2.627126467018477407e-01,8.100249697006575156e-01,-2.594590675735573559e-01,4.037394138320714587e-01,6.011486027314069114e-01,-4.509753210955922964e-01,1.535689630989054977e-01,6.674372270264578022e-01,9.878624849323198731e-01,-5.641266890318169525e-02,-8.452262846874970537e-01,-2.604867275321259279e-01,3.032009137840749879e-01,-3.628872920923721934e-01,-8.263007475584595030e-01,1.045988538574155413e+00,3.286551521544248677e-01,-2.882512595898090169e-02,5.663478653769234983e-01,6.472985734410227066e-01,-3.776669155016418311e-01,1.026101342183839638e+00,2.484895216918420191e-02,1.151781959461501970e-01,1.015701702169422571e+00,-6.747540823849996761e-01,5.921924452451380327e-01,3.439154217442052519e-01,9.794178119769233470e-01,1.445657716914670599e-01,1.374501962498584917e-01,1.602059961370540797e-01,-1.521560777789188190e+00,2.911252575948903298e-01,3.035640846381446045e-01,3.743530224648386473e-01,1.229561296433038464e+00,2.683674059460027239e-01,5.117699290804175183e-01,4.307456118088476282e-02,-7.093790020652346318e-02,-1.263735946480645467e+00,1.235536663450625822e-01,-7.288785437447445337e-02
1.975291047397958466e-01,-1.653235722023287113e-02,-1.184594039157693013e+00,7.177453981995282062e-01,-5.918774236501326280e-01,7.063760947170120152e-01,4.191151282215852536e-01,-9.157756447576538283e-01,-9.338953765560720210e-01,6.681614413315019041e-01,1.411765319147328945e-02,-3.793521006361674219e-01,-7.457735190099523681e-01,4.208470972387733933e-01,4.465456905602376292e-01,-1.594467721214223033e-01,1.265904088439957054e+00,-6.784445593347889769e-01,-5.230843116313828034e-01,-9.423828850036963800e-01,-6.095574407598628452e-01,1.041616538205634823e+00,9.973302815813195332e-02,-6.253660596640192582e-02,-4.268235808807480103e-02,1.148913248988107760e+00,2.996138768927428253e-01,-2.803408322012861387e-01,1.772791389484112967e-01,-6.374835817623885070e-01,-1.157195066575335218e+00,-8.310647500520943476e-01,-6.941150489374457999e-01,-3.548131267958307689e-01,-8.454648211623132514e-01,9.998570032399225482e-01,8.998920868613766721e-01,1.348873934993954693e+00,-6.405574245892481366e-01,3.439154217442052519e-01,-8.400587039961312508e-01,2.608081009209203271e-01,8.385599631417094413e-01,-4.184114906573128123e-01,4.924112764865126723e-01,8.121659832637938559e-01,4.131770354195101747e-01,4.398591526102957339e-02,9.373000709765061389e-01,-3.702090990151173933e-01,8.596985773749793447e-01,6.267431450003543292e-01,-1.330938954463304569e+00,3.148206015034567540e-01,-3.121738792780102689e-01,2.806144714440775290e-01,-7.199514432317186685e-01
7.323241408735784441e-01,-7.293281959886732668e-02,-3.658535246213792669e-01,-3.644405277584270020e-02,-1.451458652823761075e-01,1.104439390452160552e+00,-3.728785231137852207e-01,-9.449346862250341816e-01,4.130630665319663941e-01,1.761308183079129397e-01,-3.278271401258303630e-01,5.869589954009071242e-01,1.730034667721843944e-01,3.987770837326050644e-01,-1.653564078089287293e+00,6.790098618885346271e-01,5.072285221957882895e-01,8.398335366508848931e-01,3.207631629502964432e-01,-1.370055585428585077e-01,-2.465465930497317548e-01,-8.110901028158029602e-01,-3.617198342879279216e-01,-3.744346942424030544e-01,2.497090239438797266e-01,1.130133450442970977e+00,-3.947088819387199222e-03,-3.054574888055640036e-01,5.607743517243989340e-01,-1.463541318884124198e+00,-1.066636245565600216e+00,-5.460186952545047490e-01,3.505721104839317204e-01,3.203203364171870460e-01,-1.034542913650887019e+00,7.457007141572621345e-01,-5.626271276297256652e-01,8.700497130204873919e-01,4.876502829165322850e-01,9.794178119769233470e-01,2.608081009209203271e-01,-1.143305184548447873e+00,9.468579515108886957e-01,5.211604038397277261e-01,9.450146554022257339e-01,8.415368561959609695e-01,-3.507268855408577357e-01,5.259256118834960692e-01,-1.312135653334242091e+00,3.041451990661406812e-01,-7.778033891450404115e-03,2.240973315109031638e-01,-5.194410731990103391e-01,-5.915437361900404145e-01,-5.905498915503549773e-01,1.000152614437462173e+00,-8.307981896447946824e-02
1.419042173829412889e-01,2.606678243448083965e-01,3.260671406305667985e-02,1.048985335043303824e+00,1.302123862109877961e-01,-1.046001490317656213e+00,-4.823371492597827159e-01,-4.989620266065662446e-01,-3.118553615885460983e-02,4.779696656514227371e-01,1.464227426567179385e-02,1.574759482227411800e+00,-1.151337266511329865e-01,-5.619332272184665023e-01,-5.090887415872723532e-01,5.554422093089700363e-01,-7.156117865057432838e-03,-3.494482684119143978e-01,5.507242867472487147e-01,-7.501200614359112562e-01,3.416518929312427622e-01,7.807458353405966056e-01,1.577236172120157487e-01,-4.539527339506988501e-01,-1.619281513704430853e-01,-4.680022886735626941e-01,3.213337627516971717e-01,2.040034187095886020e-01,8.506645113790903823e-01,-1.869084523596848124e-01,-4.226887557598596468e-01,8.724705542440985839e-01,7.524918025739701921e-02,7.089262591884774034e-01,5.063659968151140722e-01,-1.120538044526686816e+00,1.201842907288651896e-01,1.495383249571401452e-01,-2.629352198245524797e-01,1.445657716914670599e-01,8.385599631417094413e-01,9.468579515108886957e-01,1.768001753803672527e+00,4.905599552359706239e-01,7.701085434628226478e-01,6.495160944589294383e-01,2.888169764770340819e-01,-7.387744642831512998e-01,-6.794345654503725074e-02,-3.305887659259817979e-01,9.645654292442035205e-01,-9.263490306157918797e-01,4.138640757298151507e-01,-3.408681254750712264e-01,4.478401132140302221e-01,2.321506088926019729e-01,-1.592846983890741308e+00
3.988988133730829166e-01,-7.171309919500604702e-01,-8.357847372947535547e-03,-4.102390361762984616e-04,-4.729754184379145188e-01,-2.476041427572183429e-01,-1.627470005342365189e+00,4.836670002417597369e-01,-2.514695293281388189e-02,-4.768074161544517131e-01,1.877096071599690108e-01,-1.017706424573578072e+00,1.172920942961411250e-01,1.358314433806501409e+00,1.060316758610328813e+00,-9.610007446792372121e-02,-7.992473452199149175e-01,-2.712949356444879778e-01,-1.687073323531982583e+00,8.233487859082692095e-01,4.332556883896901967e-01,4.797757960527558319e-01,1.223487836590158695e+00,-3.000170901685492164e-01,-9.563061684848916943e-02,-3.046597325118817756e-01,-3.364135321474838736e-01,3.116393186902461365e-01,5.404336538876972629e-01,-7.886908791594960944e-01,-2.515221760269596429e-01,4.967164167566875954e-01,5.442571053802648384e-01,-9.864786669551540710e-01,-2.575386113951106393e-01,1.590449858218794255e-01,-3.936477197344839807e-01,-4.294442156938650390e-01,-1.059040661315170162e+00,1.374501962498584917e-01,-4.184114906573128123e-01,5.211604038397277261e-01,4.905599552359706239e-01,3.988607507106685657e-01,-5.029677986263715317e-01,-1.242326509304427784e+00,8.033562234788242939e-01,5.578535210812233247e-01,1.312598517942803911e+00,1.349986987141478689e+00,-1.256006614616850925e+00,-5.649732043680906202e-01,-1.913501133986397484e-01,-5.752044699348934920e-01,-4.937196861929246117e-01,2.646994172192485562e-01,-6.589371718839674985e-01
8.369346862896162031e-01,-1.054276591945586539e+00,-1.068859531540272467e+00,1.254821840891468643e+00,-1.476344286484768009e+00,2.939650457592490329e-01,-4.111095420823355773e-01,-3.000845150078264023e-01,5.164342006192099710e-01,-2.085223359600325566e-01,-1.780970126822876975e-01,-6.895788705220851078e-01,7.423228958012547674e-01,-2.911199087580665368e-02,-8.880834122533139974e-01,5.446535922595009405e-01,-6.784498841570418826e-01,3.029904167714791430e-01,-3.537691149479791908e-01,5.993345156767547754e-01,-5.623610650600299188e-01,-2.254472513706144987e-01,-1.497621214323146543e-01,3.159204914092595406e-01,1.901528381481172592e-01,4.558430220086867601e-02,4.764324794824200127e-01,3.955987623032167222e-01,9.309386481528206247e-02,3.993977472855573807e-01,-5.853152520052234964e-02,-4.382967372027459230e-01,2.463745606288084422e-01,1.529051047052414902e-01,1.045549309383251302e+00,-8.312799973794412489e-01,3.864471398824464443e-01,4.486394825837208833e-01,5.816599219891559480e-01,1.602059961370540797e-01,4.924112764865126723e-01,9.450146554022257339e-01,7.701085434628226478e-01,-5.029677986263715317e-01,-2.977972980930527758e+00,-7.824766295465940269e-02,1.517037392199608870e-01,-1.605862883114422823e-02,-4.422771088190124988e-02,-6.337316420892374902e-02,-1.316480384335774467e-01,-1.118663727638922467e-01,-8.591561652182173603e-01,-7.069554935381527905e-01,4.361812966794905710e-01,-7.224982028951359991e-01,-1.903524261864565637e-01
-2.518102163700327023e-01,-7.800565491661206607e-01,-8.998424117484163931e-01,-3.189159971512561254e-01,4.335046047875495967e-02,-3.215693994608486150e-01,-4.956241519888720526e-01,-6.226896092555436746e-02,-1.148490935960686299e+00,8.772224468861368196e-01,7.672483877382979545e-02,1.072027175175111202e-01,1.485340353610153374e-01,7.685169209652328304e-01,-4.519867330383929849e-01,-3.638820331308600942e-02,1.919815954155349003e+00,4.875000195833717465e-01,2.807532873894407199e-01,-6.477983213534835860e-01,5.501894817536437943e-01,4.525548276087192900e-01,7.220327826669209470e-02,8.746187201416946166e-01,5.496487964960665717e-01,-4.766403350717653420e-01,1.882410828569773265e-01,-2.606923104572109184e-01,-8.764994780042913158e-02,-8.421326971846727627e-01,-2.664233370280427726e-02,-4.367611921748505432e-01,-9.438907340736694129e-01,-1.035845905147004142e+00,-1.118005771989118324e+00,-6.263456114064606117e-01,2.748236809559248539e-01,-2.524713857532761563e-01,7.183891308922404351e-01,-1.521560777789188190e+00,8.121659832637938559e-01,8.415368561959609695e-01,6.495160944589294383e-01,-1.242326509304427784e+00,-7.824766295465940269e-02,5.750372574893475308e-01,1.303567207032479969e+00,4.025078779311392352e-01,2.228858225427123418e+00,5.949816446701446937e-01,3.958385188829290358e-01,1.106822253651318366e-02,-4.393610965041030436e-01,-7.017273491811429897e-01,6.379815676927282908e-01,5.737949477949905175e-02,-9.278557915831101566e-01
-4.675207876735563706e-01,3.837387941387032098e-01,3.433704971169679321e-01,6.714151502724324816e-01,1.228453150437391228e+00,5.561241830610478276e-01,1.523788746937746907e+00,-4.478829923231582022e-01,2.297527818933732813e-01,4.743418545901910699e-01,-6.552205993370395776e-01,-3.814199506138212792e-01,4.507589436946216749e-02,-2.114915193715646291e-01,9.769112444496222958e-01,4.169592987163845549e-02,-4.229592197060544345e-02,-1.273112547794805094e+00,1.387454811499191143e+00,1.464217152910761932e+00,-1.141341323207879732e+00,-8.477683085933913620e-01,3.072067738204145027e-01,-2.182009905310358100e-01,2.855977116051983816e-02,2.843972376760406720e-02,4.678325153945981363e-01,-1.032682248085549537e+00,-1.972137825687041157e-01,1.361060900538094920e+00,1.059590046988847734e+00,-2.674636719860506440e-01,-1.243861235737354409e+00,-6.021006288293334618e-01,-5.270562942135003093e-01,3.486971958505650782e-01,-6.144029346918560286e-01,2.011573994915488717e-01,-8.608762607436107883e-01,2.911252575948903298e-01,4.131770354195101747e-01,-3.507268855408577357e-01,2.888169764770340819e-01,8.033562234788242939e-01,1.517037392199608870e-01,1.303567207032479969e+00,5.350330529127566015e-01,-1.612062403350533746e+00,7.948281126467511282e-01,-1.797808360549390805e-01,3.087469303764437956e-01,5.209234966172099357e-01,-2.881305224061138648e-01,8.070541002621643978e-01,-1.186046183797240472e+00,3.016866018323565157e-01,-5.616955798554391643e-01
-4.581164327144268689e-01,-4.382275219792098470e-02,-1.333216699577443598e-01,1.006542462423494433e+00,7.317535010879708812e-01,-2.752978949011086751e-01,3.869380866230363591e-01,6.262914815339425401e-01,5.585485388093542891e-01,1.048782224336998192e-01,-3.326756674084339060e-01,8.329493928349784859e-01,1.248929156316348932e+00,1.933279842963153044e-03,-4.424431224257520667e-01,3.940259009991699535e-01,5.961151680538140374e-02,-6.814345799274823534e-01,-5.304337025648514503e-01,6.869140295262341489e-01,-1.363181049315681070e+00,-8.647220003498495844e-02,-1.183603531161964373e+00,-4.325854081798263806e-02,-5.442694939909581420e-01,-1.067799190833291334e+00,2.579823631845352128e-01,-8.766173007257798133e-01,-1.178417468870246232e+00,-1.494096342490473517e-01,6.852092461216663377e-02,9.481742353827841141e-01,-5.520593564600951852e-01,-1.214592338050269671e+00,-1.147848551388836857e-04,-9.209254718589111599e-01,4.665474559912888841e-01,4.389971543274261145e-02,2.959264824423781803e-01,3.035640846381446045e-01,4.398591526102957339e-02,5.259256118834960692e-01,-7.387744642831512998e-01,5.578535210812233247e-01,-1.605862883114422823e-02,4.025078779311392352e-01,-1.612062403350533746e+00,6.090808443546166240e-01,6.493257120188157261e-01,1.256821164740653529e+00,-7.925359326342488187e-01,-7.549170923036320202e-01,9.342543554956077578e-01,-1.632654737679140045e-02,-6.558044641937024744e-02,3.221508992791513593e-01,2.226919933868408696e-01
-2.561304121381469678e-01,2.481532427833196830e-01,-4.010116230786555658e-01,5.342960640203127110e-01,2.114681755032961075e-01,5.404798826050161153e-01,-3.715731506384228888e-02,1.465319983885952304e+00,-7.176087390893621798e-01,5.028360394991310267e-02,3.923728836994960778e-01,-1.082510612610670719e+00,8.898649959132880483e-01,3.006473730514852560e-02,-7.381028945107706019e-01,5.040874581721725978e-01,5.726602408485793605e-01,-6.884136743596225294e-01,8.989352920200929242e-01,-5.063672745958307519e-01,-4.319890225154874863e-01,-1.338198260045797006e-01,6.762733814656086695e-01,5.066178109638610483e-01,1.024485088492526064e+00,3.749496158891371667e-01,4.650172221318627508e-01,1.962892688287201370e-01,9.014109808850373495e-02,2.009752619266295948e-01,5.444961189385667533e-01,-2.897445354482250934e-01,-2.316260646574692383e-01,1.261199908271389614e+00,2.376956675411732722e-01,2.117280306505042731e-02,1.368969040031265516e+00,-8.939405536591756851e-01,-2.920313968369908642e-02,3.743530224648386473e-01,9.373000709765061389e-01,-1.312135653334242091e+00,-6.794345654503725074e-02,1.312598517942803911e+00,-4.422771088190124988e-02,2.228858225427123418e+00,7.948281126467511282e-01,6.493257120188157261e-01,1.310410101400003802e+00,9.271643947039206468e-01,4.382221273566327402e-01,1.495363058130601663e+00,-5.409830521300847961e-01,-2.765341379240410236e-02,-2.049824345437837314e-01,-1.127587099712313634e+00,3.139491263206910521e-01
1.075017386524805829e-01,-9.824648262867763382e-01,-1.844013309216032459e+00,1.547523540287698562e-01,4.299551939544892787e-01,2.099766540984773777e-01,-2.240245503630650670e-01,2.053075672758070680e-01,-5.811958507884975589e-01,-2.326913993390365420e-01,-5.840928106173747247e-01,-2.148343117654477330e-01,4.894134700574435670e-01,-8.858949600494390175e-01,2.958275749417307865e-01,1.217482564505333320e+00,1.132680693896775059e+00,6.278393652016043269e-01,1.918688430926582256e-01,-1.836161627738895907e-01,-1.001118308627422016e+00,1.066161158214501192e+00,3.118698878480436476e-01,5.349691895401248454e-01,2.318982145020987318e+00,1.122863599435385273e-01,-3.784373025790299661e-02,-2.356325856785773665e-02,5.607007546962233802e-01,-1.175160462756616564e+00,1.719938421554101371e-02,-2.310026033437793669e-01,-3.135143444745998598e-01,1.276845996550875162e+00,1.592538403452499751e-01,1.299225789106722706e-02,8.525478999830261584e-01,-2.959835209117483434e-01,-5.384788572195960965e-01,1.229561296433038464e+00,-3.702090990151173933e-01,3.041451990661406812e-01,-3.305887659259817979e-01,1.349986987141478689e+00,-6.337316420892374902e-02,5.949816446701446937e-01,-1.797808360549390805e-01,1.256821164740653529e+00,9.271643947039206468e-01,8.102406835543235486e-01,1.121332840143834497e+00,4.796703239090153170e-01,-3.164249431094487419e-01,1.317202088418989225e+00,3.561339751720263846e-01,6.590506290844122539e-01,-1.158273023782759426e+00
-8.280055369751182504e-02,-7.163910091729984719e-01,-1.385419097385037324e+00,5.524431059476553330e-01,-2.352042267932993536e+00,-4.671678187741354349e-01,-8.737870461693483248e-01,1.024345123461570140e+00,7.985738106215455323e-01,1.418274111289819395e+00,8.510375338382593080e-01,8.235815560752940412e-01,-3.731494511100711953e-01,-1.309409661629083732e-01,-5.461124652008146896e-01,-5.584546497894905537e-01,1.866276699929563243e-01,-1.667989893689083125e+00,-3.572561464357504879e-01,5.242760062717342073e-01,6.603233039947604688e-01,-5.930355542824561343e-01,3.859523948967583107e-01,6.463139494986130940e-01,-3.402027964524545478e-01,1.252520590011328760e+00,1.770609479992239221e-01,-3.703698905602004210e-01,-1.657687312331054819e-01,6.943823321009657823e-01,-2.317650477731763026e-01,-7.016148755539356463e-01,-3.668193923126103484e-01,-4.092868475713787313e-01,4.552269955019170866e-01,1.194593691032953542e+00,9.260293419064750120e-01,1.308576100734729630e-01,-5.576915910159500056e-01,2.683674059460027239e-01,8.596985773749793447e-01,-7.778033891450404115e-03,9.645654292442035205e-01,-1.256006614616850925e+00,-1.316480384335774467e-01,3.958385188829290358e-01,3.087469303764437956e-01,-7.925359326342488187e-01,4.382221273566327402e-01,1.121332840143834497e+00,9.335758143455067382e-01,2.826956812882708836e-01,1.716929025059243052e+00,-7.896117663924590024e-02,2.762986656417523168e-01,1.065527054873463886e+00,-1.195597460376322196e+00
9.927691833012841638e-01,-2.818093183755626119e-01,-8.424650337895731034e-02,6.437370470498005037e-02,-3.221595352123607925e-01,-1.209696015785464596e+00,-1.002754903390245644e+00,-2.507320265573632634e-01,2.148790849331106423e-01,8.195424857497592974e-01,7.553995091997867117e-02,4.410322577952838774e-01,4.401771998191773005e-01,9.292924346322943840e-01,-4.376983745220844879e-01,1.745447144356999658e-01,-1.282054711694363691e-02,4.047013736760490255e-01,3.674870991037291201e-01,1.211515656381455974e+00,-7.259431486302360126e-01,7.189407812054526836e-01,-1.782115974424250737e+00,4.741366631364383188e-01,-8.064873138265246100e-01,-4.531053777888619516e-01,-3.635106300323677209e-01,-3.892535053226339192e-01,-1.425003987045640186e-01,6.400320549247767721e-02,4.323228882830745801e-01,1.571410911461401216e+00,-1.314971874093328053e+00,8.269164380865473563e-01,1.735666904587013226e-01,9.445809028280274244e-01,-5.138008117470580505e-01,9.290076212791548160e-01,2.387579098135180766e-01,5.117699290804175183e-01,6.267431450003543292e-01,2.240973315109031638e-01,-9.263490306157918797e-01,-5.649732043680906202e-01,-1.118663727638922467e-01,1.106822253651318366e-02,5.209234966172099357e-01,-7.549170923036320202e-01,1.495363058130601663e+00,4.796703239090153170e-01,2.826956812882708836e-01,4.935053519713378245e-02,-1.304145284012027672e-01,-7.633749701007525035e-02,1.202350530181607313e-01,-7.684021372931662541e-02,-3.554412795917568091e-01
4.698901543126649538e-01,-3.054810755401288214e-02,-8.279859833387948065e-02,-1.755371263936160164e-01,6.380409319675669488e-01,-7.979655015914938199e-01,-5.001728861904524148e-01,7.338931359656830633e-01,-5.843652172785102072e-01,-1.152125519697670963e+00,1.511875036544598094e+00,-1.980263278689382567e-01,7.233801865292556199e-01,-1.473454752598524764e-01,1.567229336463305422e+00,1.070169950557888106e+00,7.513180851179018793e-02,-3.346513853389332382e-01,-2.131243558491188461e-01,2.535739386240463689e-01,1.441177128854253531e-01,4.506705700693190431e-01,-7.677394654551847886e-01,5.727217329059606232e-01,-1.161190216159181610e+00,4.652760286668630729e-01,-1.086983199594808491e+00,-5.149776706318258679e-01,-2.039475238291779124e-01,-8.761388032279744387e-01,6.553193172474193195e-01,1.983228559264665902e-01,-6.354919058856923764e-01,-1.334025290975685007e-01,1.920186632756828438e-01,8.450986052847080376e-01,1.322916385600914291e+00,-4.575251608679030690e-01,9.316268964593004132e-01,4.307456118088476282e-02,-1.330938954463304569e+00,-5.194410731990103391e-01,4.138640757298151507e-01,-1.913501133986397484e-01,-8.591561652182173603e-01,-4.393610965041030436e-01,-2.881305224061138648e-01,9.342543554956077578e-01,-5.409830521300847961e-01,-3.164249431094487419e-01,1.716929025059243052e+00,-1.304145284012027672e-01,7.775498381533708647e-01,5.614725281406056645e-01,1.999223765744884584e+00,2.280446122655039876e-01,5.761678855868647142e-01
-5.582270139550292720e-01,-6.693981355384018839e-01,-4.236464541599999079e-02,-2.779251051799325190e-01,6.898953990602357811e-02,-1.578871069517414072e-01,-1.282129912402268090e-01,9.599753312884136136e-01,-5.378299678912046300e-02,1.030499012868687947e+00,4.087996193624319763e-01,-2.070364463023960100e-01,8.080671160669640196e-01,2.123946990357682418e-01,-1.007751333511224701e+00,5.161727869978544048e-01,1.880049967989805504e+00,2.204662790493832313e-03,1.595752914937905276e+00,5.519258527390372704e-01,1.353516944270356293e+00,-2.560995755255284778e-01,4.560619266325445786e-01,1.278226137169853116e+00,-1.757002068239635340e-02,-4.585294960369729056e-01,3.892900907295862578e-01,-1.149467763446706092e+00,4.942079613833914586e-01,-5.991949000245401225e-01,-1.018728364329944513e+00,8.177113851834093561e-01,-2.454177485326292096e-02,-4.064075399886212803e-01,2.398258560859999888e-01,5.731154079684653846e-01,-5.574057008629295096e-01,-5.321852986577518818e-02,1.238508151349048791e+00,-7.093790020652346318e-02,3.148206015034567540e-01,-5.915437361900404145e-01,-3.408681254750712264e-01,-5.752044699348934920e-01,-7.069554935381527905e-01,-7.017273491811429897e-01,8.070541002621643978e-01,-1.632654737679140045e-02,-2.765341379240410236e-02,1.317202088418989225e+00,-7.896117663924590024e-02,-7.633749701007525035e-02,5.614725281406056645e-01,-1.266097568047064081e+00,-2.655949681213415903e-01,-3.019189060708560302e-02,6.170718080996451249e-01
-1.910360129800814932e-01,7.032011967887413784e-01,-6.626306682507886459e-01,-3.379054612907228528e-01,1.291634532716351424e-02,-5.902908329653457770e-02,-6.870175800265243549e-01,-8.481105444436766172e-01,1.012297746176061553e-01,8.357021282035108009e-03,4.585346553318225826e-01,-1.073179889933639997e+00,7.373945422721864262e-02,-8.679254449787402459e-01,-7.869066256653909353e-01,5.599471258368472482e-01,1.079492012942821350e-01,-7.392611283761504337e-01,1.936558441059245683e-01,-6.562225360759706971e-01,-9.664714194727818120e-01,4.272829586063265350e-01,-1.494836182202824992e-01,1.711558735302435019e-01,3.788563135723397868e-01,1.688446538021151300e+00,-5.669168284087998666e-01,-5.801768648500160719e-02,-6.812763903076886063e-01,-2.981923002051519722e-01,3.280161026128789459e-01,7.283252677835017064e-01,-5.714972879855317878e-01,-1.393981089192444234e-01,2.343447271458853343e-01,-4.143466431663209160e-01,-3.196286908707878238e-01,-9.897115130945114414e-01,-4.403801889660077240e-01,-1.263735946480645467e+00,-3.121738792780102689e-01,-5.905498915503549773e-01,4.478401132140302221e-01,-4.937196861929246117e-01,4.361812966794905710e-01,6.379815676927282908e-01,-1.186046183797240472e+00,-6.558044641937024744e-02,-2.049824345437837314e-01,3.561339751720263846e-01,2.762986656417523168e-01,1.202350530181607313e-01,1.999223765744884584e+00,-2.655949681213415903e-01,3.834832904916919416e-01,-5.570414253933786419e-01,3.362574916486535948e-01
6.009998978966420852e-02,1.443198139061631635e-01,3.101535940858034524e-01,-2.166105125462806924e-01,2.008501253490491967e-01,-9.450386088022936226e-01,1.045334511900932323e-01,-8.926494809777550943e-01,-9.236635437720871478e-01,4.122699332155659313e-01,5.448957662832237814e-02,5.098680218499019867e-01,9.428846736542569884e-01,-6.379375515194184443e-01,3.556394075127350951e-01,-8.360768356545643654e-01,3.206474454590902967e-01,1.556309236489892722e+00,-6.101320308859730090e-01,5.836282425240563176e-01,1.436336584937034644e+00,-2.417809818018339940e-01,2.144807696740504532e+00,2.123825862701502754e+00,-1.198672192635509948e+00,-7.236164451784148355e-01,-3.241890608150689301e-01,-7.466572885796900483e-01,-4.725764612117304697e-01,-8.708774812751401972e-02,-1.801625932376551831e-01,-9.401840903381327719e-01,7.695810516545811275e-01,8.894983043823304070e-02,5.124657303223950633e-02,6.887254451455232518e-01,4.466213918732814814e-01,-1.697587402945753166e+00,1.578511129902630816e-01,1.235536663450625822e-01,2.806144714440775290e-01,1.000152614437462173e+00,2.321506088926019729e-01,2.646994172192485562e-01,-7.224982028951359991e-01,5.737949477949905175e-02,3.016866018323565157e-01,3.221508992791513593e-01,-1.127587099712313634e+00,6.590506290844122539e-01,1.065527054873463886e+00,-7.684021372931662541e-02,2.280446122655039876e-01,-3.019189060708560302e-02,-5.570414253933786419e-01,1.578613491016426673e+00,6.090961904036100716e-01
-8.176130984979946836e-01,-1.004315272117169089e+00,2.526603528896217976e-01,2.694765809872835538e-01,8.397332069389379372e-01,4.121503155797913709e-01,2.678125185759464011e-02,-2.369185377579888230e-02,2.889570076246704144e-01,1.345596956934234645e-01,3.609165006756188954e-02,-6.590626163898262169e-01,-1.108919552244893858e-01,4.583281919532521953e-01,-1.569249607049597595e+00,1.065197489153522969e+00,1.188229685798975810e+00,1.130848250146345435e-01,-5.753819621854320276e-01,9.121048671221557713e-01,1.998006238203362504e-03,1.291395060726665989e+00,-8.946003469843722966e-01,4.608688205335296773e-01,-1.191264859837656842e-01,1.740196862722829696e+00,5.145762889392552220e-01,1.002878065104118699e+00,-9.189513517004752052e-02,-3.865637299591635490e-01,1.073189439688565061e+00,-3.382368300922528603e-01,1.836384074422146018e+00,-1.507069862398732751e-01,1.134045747694817363e-02,-1.864624735660366517e-01,-1.289115427718184659e+00,1.482438773849006131e+00,1.425602667642317467e+00,-7.288785437447445337e-02,-7.199514432317186685e-01,-8.307981896447946824e-02,-1.592846983890741308e+00,-6.589371718839674985e-01,-1.903524261864565637e-01,-9.278557915831101566e-01,-5.616955798554391643e-01,2.226919933868408696e-01,3.139491263206910521e-01,-1.158273023782759426e+00,-1.195597460376322196e+00,-3.554412795917568091e-01,5.761678855868647142e-01,6.170718080996451249e-01,3.362574916486535948e-01,6.090961904036100716e-01,1.786376118630218501e+00
